Workbook

Sheet Database
B3: Mata Anggaran | C3: 5010403003 (Kapal Ro-Ro)
B4: Mata Anggaran | C4: 5010403100 (Permesinan & Kelistrikan Kapal)
B5: Mata Anggaran | C5: 5010403009 (Akomodasi, Peralatan & Perlengkapan Kapal)
B6: Mata Anggaran | C6: 5010317000 (Biaya Sertifikasi Alat Produksi Docking)
B7: Mata Anggaran | C7: 5010302006 (Fumigasi)
B8: Mata Anggaran | C8: 5010302004 (Mobilisasi Docking)
B9: Mata Anggaran | C9: 1020604003 (Investasi Kapal Ro-Ro)
B10: Mata Anggaran | C10: 1020604009 (Investasi Akomodasi, Peralatan & Perlengkapan Kapal)
B11: Mata Anggaran | C11: 1020604010 (Investasi Permesinan dan Kelistrikan)
B14: NAKHODA | C14: KMP. TUNA | D14: CECEP KOSWARA
B15: NAKHODA | C15: KMP. MAMING | D15: MUHADI
B16: NAKHODA | C16: KMP. PULAU SAGORI | D16: SARPUDIN SANDUAN
B17: NAKHODA | C17: KMP. PORTLINK VIII | D17: SARAFUDIN HAYALE
B18: NAKHODA | C18: KMP. LOMPA | D18: YONDI U SAKTI
B19: NAKHODA | C19: KMP. NGAFI | D19: ASMIN
B20: NAKHODA | C20: KMP. KOLORAI | D20: REZKY LOLO PAYUNG
B21: NAKHODA | C21: KMP. BARONANG | D21: SAMSON TINUNGKI
B22: NAKHODA | C22: KMP. KERAPU II | D22: FAHRIL
B23: NAKHODA | C23: KMP. GORANGO | D23: ANTON WAHYUDI
B24: NAKHODA | C24: KMP. BOBARA | D24: PHILIPUS MAHUBESSY
B25: NAKHODA | C25: KMP. ARIWANGAN | D25: ERIEK PUTRA NEGARA
... B39: KKM/MASINIS I | C39: KMP. LEMA | D39: HENDRA RUDOLF SOUMOKIL
B42: Nama Vendor | C42: Nomor Telepon
B43: CV. Multi Karya Jasa | C43: 082153148837
B44: CV. Leon Pratama | C44: 087754384412
B45: Bengkel Buana Karya | C45: 082177650201

Sheet SPPB
R1: No. Dokumen | S1: : | T1: FC-107.00.07
F2: FORMULIR PERSETUJUAN PENGADAAN | R2: Revisi | S2: : | T2: 00
F3: BARANG/JASA NON PURCHASE ORDER | R3: Berlaku efektif | S3: :
R4: Halaman | S4: : | T4: 1 dari 1
R6: No.SPPB/J | S6: : | T6: 051/SPPB/TTE/V/ASDP-2026
R7: Tanggal | S7: : | T7: 12 Juni 2026
A8: Klasifikasi | E8: : | H8: normal | L8: Emergency | P8: urgent
A9: Dasar Pelimpahan* (jika ada) | E9: :
A10: Nama Pengadaan | E10: : | F10: Jasa Perbaikan Cas ACCU KMP Kolorai Mei 2026
A11: Mata Anggaran | E11: : | F11: 5010403100
A12: Tanggal dibutuhkan | E12: : | F12: SEGERA
A13: No | B13: Jumlah | C13: Satuan | D13: Nama Barang | O13: Spesifikasi | R13: Estimasi Harga
R14: Harga Satuan | T14: Jumlah
D15: KMP. KOLORAI
A16: 1 | B16: 1 | C16: Au | D16: Perbaikan Cas ACCU | R16: 1750000 | T16: =+R16*B16 -> 1750000
T17: =+R17*B17 -> 0
A23: Jumlah Rp. | T23: =SUM(T16:T22) -> 1750000
A24: Pajak Rp.
A25: Total Rp. | T25: =+T23+T24 -> 1750000
A26: Catatan Peminta Barang & Jasa : | R26: Kupang, | S26: =T7 -> 12 Juni 2026
R27: Peminta Barang
R31: IRSAN ANUGRAH
R32: Staf Teknik Armada dan Fasilitas
A33: Catatan : | R33: Tgl, | S33: =S26 -> 12 Juni 2026
R37: ERYANTO SIDABALOK
R38: Dept. Head Operasional dan Teknik
A39: Catatan : | R39: Tgl, | S39: =S33 -> 12 Juni 2026
R40: Disetujui Oleh
R44: MUSHAR USMAN
R45: General Manager

Sheet spkh
D2: SURAT PERNYATAAN KEBENARAN HARGA | J2: No. Dokumen | K2: : FC-107.00.06
J3: Revisi | K3: : 00
J4: Berlaku Efektif
J5: Halaman | K5: : 1 dari 6
A7: SURAT PERNYATAAN KEBENARAN HARGA
A8: DENGAN NILAI DIBAWAH Rp. 50 Juta
A10: Saya yang bertanda tangan dibawah ini :
A11: Nama | C11: : | D11: =I38 -> IRSAN ANUGRAH
A12: Jabatan | C12: : | D12: =H33 -> Staf Teknik Armada dan Fasilitas
A13: NIK | C13: : | D13: KKP_738
A14: Selanjutnya dinyatakan sebagai ”Pembuat Pernyataan”
A15: Dengan ini menyatakan dengan sebenar-benarnya hal-hal sebagai berikut :
A16: 1. | B16: Bahwa Pemberi Pernyataan menyatakan dengan sesungguhnya dan sejujur-jujurnya Bahwa harga yang tertera di Bawah ini benar adanya dan dapat dikonfirmasi di CV. Multi Karya Jasa - Ternate dinomor telepon (082153148837)
B17: No. | C17: Satuan | D17: Jumlah | E17: Uraian Barang/ Spesifikasi | G17: Harga Awal | I17: Harga Negosiasi | K17: Keterangan
G18: Satuan | H18: Jumlah | I18: Satuan | J18: Jumlah
E19: =SPPB!D15 -> KMP. KOLORAI
B20: =+SPPB!A16 -> 1 | C20: =+SPPB!C16 -> Au | D20: =+SPPB!B16 -> 1 | E20: =SPPB!D16 -> Perbaikan Cas ACCU | G20: =+SPPB!R16 -> 1750000 | H20: =G20*D20 -> 1750000 | I20: =+G20 -> 1750000 | J20: =I20*D20 -> 1750000
F25: Jumlah | H25: =SUM(H20:H24) -> 1750000 | J25: =SUM(J20:J24) -> 1750000
F26: Ppn. 11% | H26: 0 | J26: 0
F27: Jumlah Total | H27: =H25+H26 -> 1750000 | J27: =J25+J26 -> 1750000
A29: 2. | B29: Demikian Surat Pernyataan ini di buat untuk digunakan untuk pendukung pengadaan dan dijamin kebenarannya dan siap untuk dibuktikan kebenarannya.
H31: Ternate, | I31: =SPPB!T7 -> 12 Juni 2026
C32: Mengetahui : | H32: Pembuat Pernyataan
C33: =SPPB!R38 -> Dept. Head Operasional dan Teknik | H33: =SPPB!R32 -> Staf Teknik Armada dan Fasilitas
C38: =SPPB!R37 -> ERYANTO SIDABALOK | I38: =SPPB!R31 -> IRSAN ANUGRAH

Sheet BSTB
K1: No. Dokumen | N1: : | O1: HP-105.00.07
D2: BUKTI SERAH TERIMA BARANG | K2: Revisi | N2: : | O2: 04
K3: Berlaku efektif | N3: : | O3: 25 April 2022
K4: Halaman | N4: : | O4: 1 dari 1
A6: Kepada Yth | C6: : | D6: KKM KMP. Kolorai | J6: Nomor | L6: : | M6: 027/BPB-TNK/TTE/V/ASDP-2026
A8: Alamat Tujuan | C8: : | D8: =SPPB!D15 -> KMP. KOLORAI | J8: Tanggal | L8: : | M8: =SPPB!T7 -> 12 Juni 2026
A10: Dasar Pengiriman No. | C10: : | D10: =+SPPB!T6 -> 051/SPPB/TTE/V/ASDP-2026
A11: Bersama ini dikirimkan barang dengan detail sebagai berikut :
A12: No | B12: Nama/Uraian Barang | G12: Jenis/ Type/ Part Number | H12: Satuan | I12: Jumlah | K12: Harga Barang Satuan | O12: Kondisi*)
K13: (Rp) | O13: (Baru/Bekas,Baik/Rusak)
B14: =SPPB!D15 -> KMP. KOLORAI
A15: =+spkh!B20 -> 1 | B15: =+spkh!E20 -> Perbaikan Cas ACCU | H15: =+spkh!C20 -> Au | I15: =+spkh!D20 -> 1 | K15: =+spkh!I20 -> 1750000 | O15: Baik
A22: Catatan : | C22: Setelah ditanda tangan dan distempel agar dikirim kembali ke Teknik PT.ASDP Indonesia Ferry (Persero) Kantor Cabang
A25: *) | B25: Kondisi : Baru, Bekas, Baik atau Rusak
B28: Penerima, | G28: Mengetahui : | M28: Pengirim
B32: RIZKI | G32: =+SPPB!R37 -> ERYANTO SIDABALOK | M32: =SPPB!R31 -> IRSAN ANUGRAH
B33: =D6 -> KKM KMP. Kolorai | G33: =SPPB!R38 -> Dept. Head Operasional dan Teknik | M33: =SPPB!R32 -> Staf Teknik Armada dan Fasilitas

Sheet Foto
A17: DOKUMENTASI
