Workbook
Name KANTOR: #REF!
Name MA.5120_I: #REF!
Name MA.5120_I: #REF!
Name MA.5120_I: #REF!
Name MA.5120_II: #REF!
Name MA.5120_II: #REF!
Name MA.5120_II: #REF!
Name MA.5125: #REF!
Name MA.5125: #REF!
Name MA.5125: #REF!
Name MM.5120_I: #REF!
Name MM.5120_I: #REF!
Name MM.5120_I: #REF!
Name MM.5120_II: #REF!
Name MM.5120_II: #REF!
Name MM.5120_II: #REF!
Name MM.5125: #REF!
Name MM.5125: #REF!
Name MM.5125: #REF!
Name MS.5120_I: #REF!
Name MS.5120_I: #REF!
Name MS.5120_I: #REF!
Name MS.5120_II: #REF!
Name MS.5120_II: #REF!
Name MS.5120_II: #REF!
Name MS.5125: #REF!
Name MS.5125: #REF!
Name MS.5125: #REF!
Name MU.5120_I: #REF!
Name MU.5120_I: #REF!
Name MU.5120_I: #REF!
Name MU.5120_II: #REF!
Name MU.5120_II: #REF!
Name MU.5120_II: #REF!
Name MU.5125: #REF!
Name MU.5125: #REF!
Name MU.5125: #REF!
Name PT.ASDP__PESERO: #REF!
Name vvzh: [1]SEMUMU!$L$116

Sheet Prognosa (2)
B2: PT. ASDP INDONESIA FERRY (PERSERO)
B3: TABEL PENYUSUNAN PROGNOSA RKAC BIAYA PERAWATAN KAPAL CABANG LUWUK TAHUN 2024
B5: NO | C5: NAMA KAPAL | D5: JENIS BIAYA PEMELIHARAAN | F5: RKA 2023 | G5: TOTAL BIAYA | H5: USULAN RKAC 2024 | I5: ESTIMASI KEBUTUHAN ANGGARAN BULAN AGUSTUS SD DESEMBER TAHUN 2023 | K5: PROGNOSA | M5: DEVIASI PROGNOSA TERHADAP RKAC 2023 | O5: DEVIASI USULAN RKAC 2024
I6: Berdasarkan Realisasi PJK (Versi B) | J6: Perhitungan RKAC (Versi B) | K6: Versi A | L6: Versi B | M6: Versi A (%) | N6: Versi B (%) | O6: TERHADAP RKAC 2024 (%) | P6: TERHADAP PROGNOSA VERSI A (%) | Q6: TERHADAP PROGNOSA VERSI B (%)
B7: 1 | C7: 2 | D7: 3 | F7: 4 | G7: 5 | H7: 6 | I7: 7 | J7: 8 | K7: 9 (5+7) | L7: 10 (5 + 8) | M7: 11 (8:4) | N7: 12 (9:4) | O7: 12 (6:4) | P7: 13 (6:8) | Q7: 14 (6:9)
B9: 1 | C9: KMP. MOINIT | D9: 1 | E9: Bahan Pelumas | F9: =[2]REKAP!$F$11 -> 2.6084556e+08 | G9: ='[3]PROGNOSA (2)'!$D$54 -> 70508220 | H9: ='[4]REKAPITULASI KAPAL'!I9 -> 2.2353116e+08 | J9: =(F9/12)*5 -> 1.0868565e+08 | L9: =J9+G9 -> 1.7919387e+08 | M9: =K9/F9 -> 0 | N9: =L9/F9 -> 0.68697305 | O9: =H9/F9 -> 0.85694831 | P9: =H9/K9 -> #DIV/0! | Q9: =H9/L9 -> 1.2474264
D10: 2 | E10: Kapal RO-RO/Penyeberangan | F10: 994766768 | G10: ='[3]PROGNOSA (2)'!$D$55 -> 801138610 | H10: ='[4]REKAPITULASI KAPAL'!I14 -> 9.8073037e+08 | L10: =J10+G10 -> 801138610 | M10: =K10/F10 -> 0 | N10: =L10/F10 -> 0.80535321 | O10: =H10/F10 -> 0.98588976 | P10: =H10/K10 -> #DIV/0! | Q10: =H10/L10 -> 1.2241706
D11: 3 | E11: Akomodasi, Peralatan, dan Perlengkapan Kapal | F11: 294773975 | G11: ='[3]PROGNOSA (2)'!$D$56 -> 177514920 | H11: ='[4]REKAPITULASI KAPAL'!$I$20 -> 469166650 | J11: =(F11/12)*5 -> 1.2282249e+08 | L11: =J11+G11 -> 3.0033741e+08 | M11: =K11/F11 -> 0 | N11: =L11/F11 -> 1.0188736 | O11: =H11/F11 -> 1.5916149 | P11: =H11/K11 -> #DIV/0! | Q11: =H11/L11 -> 1.5621319
D12: 4 | E12: Permesinan dan Kelistrikan Kapal | F12: 306018000 | G12: ='[3]PROGNOSA (2)'!$D$57 -> 179754078 | H12: ='[4]REKAPITULASI KAPAL'!$I$27 -> 443685430 | J12: =(F12/12)*5 -> 127507500 | L12: =J12+G12 -> 307261578 | M12: =K12/F12 -> 0 | N12: =L12/F12 -> 1.0040637 | O12: =H12/F12 -> 1.4498671 | P12: =H12/K12 -> #DIV/0! | Q12: =H12/L12 -> 1.4439991
D13: 5 | E13: Mobilisasi Dlm rangka Docking | F13: 149477700 | G13: ='[3]PROGNOSA (2)'!$D$53 -> 186036000 | H13: ='[4]REKAPITULASI KAPAL'!$I$33 -> 218400000 | L13: =J13+G13 -> 186036000 | M13: =K13/F13 -> 0 | N13: =L13/F13 -> 1.2445736 | O13: =H13/F13 -> 1.4610875 | P13: =H13/K13 -> #DIV/0! | Q13: =H13/L13 -> 1.1739663 | R13: =K13/G13 -> 0
E14: Jumlah | F14: =SUM(F9:F13) -> 2.005882e+09 | G14: =SUM(G9:G13) -> 1414951828 | H14: =SUM(H9:H13) -> 2.3355136e+09 | I14: =SUM(I9:I13) -> 0 | J14: =SUM(J9:J13) -> 3.5901564e+08 | K14: =SUM(K9:K13) -> 0 | L14: =SUM(L9:L13) -> 1.7739675e+09 | M14: =K14/F14 -> 0 | N14: =L14/G14 -> 1.2537299 | O14: =H14/F14 -> 1.1643325 | P14: =H14/K14 -> #DIV/0! | Q14: =H14/L14 -> 1.3165482
B16: 2 | C16: KMP. TUNA TOMINI | D16: 1 | E16: Bahan Pelumas | F16: =[2]REKAP!$F$18 -> 2.6134556e+08 | G16: ='[3]PROGNOSA (2)'!D5 -> 94192480 | H16: ='[4]REKAPITULASI KAPAL'!$G$9 -> 2.0458355e+08 | J16: =(F16/12)*5 -> 1.0889398e+08 | L16: =J16+G16 -> 2.0308646e+08 | M16: =K16/F16 -> 0 | N16: =L16/F16 -> 0.77708022 | O16: =H16/F16 -> 0.7828086 | P16: =H16/K16 -> #DIV/0! | Q16: =H16/L16 -> 1.0073717
D17: 2 | E17: Kapal RO-RO/Penyeberangan | F17: =908852460 -> 908852460 | G17: ='[3]PROGNOSA (2)'!D6 -> 1661115776 | H17: ='[4]REKAPITULASI KAPAL'!$G$14 -> 1175203807 | L17: =J17+G17 -> 1661115776 | M17: =K17/F17 -> 0 | N17: =L17/F17 -> 1.8277068 | O17: =H17/F17 -> 1.2930634 | P17: =H17/K17 -> #DIV/0! | Q17: =H17/L17 -> 0.70747857
D18: 3 | E18: Akomodasi, Peralatan, dan Perlengkapan Kapal | F18: =278355450 -> 278355450 | G18: ='[3]PROGNOSA (2)'!D7 -> 315266188 | H18: ='[4]REKAPITULASI KAPAL'!$G$20 -> 532726900 | J18: =(F18/12)*5 -> 1.1598144e+08 | L18: =J18+G18 -> 4.3124763e+08 | M18: =K18/F18 -> 0 | N18: =L18/F18 -> 1.5492696 | O18: =H18/F18 -> 1.9138368 | P18: =H18/K18 -> #DIV/0! | Q18: =H18/L18 -> 1.2353156
D19: 4 | E19: Permesinan dan Kelistrikan Kapal | F19: =243024000 -> 243024000 | G19: ='[3]PROGNOSA (2)'!D8 -> 220917700 | H19: ='[4]REKAPITULASI KAPAL'!$G$27 -> 478047520 | J19: =(F19/12)*5 -> 101260000 | L19: =J19+G19 -> 322177700 | M19: =K19/F19 -> 0 | N19: =L19/F19 -> 1.3257032 | O19: =H19/F19 -> 1.9670795 | P19: =H19/K19 -> #DIV/0! | Q19: =H19/L19 -> 1.4838008
D20: 5 | E20: Mobilisasi Dlm rangka Docking | F20: =109477700 -> 109477700 | G20: ='[3]PROGNOSA (2)'!$D$4 -> 115495500 | H20: ='[4]REKAPITULASI KAPAL'!$G$33 -> 250000000 | L20: =J20+G20 -> 115495500 | M20: =K20/F20 -> 0 | N20: =L20/F20 -> 1.0549683 | O20: =H20/F20 -> 2.2835701 | P20: =H20/K20 -> #DIV/0! | Q20: =H20/L20 -> 2.1645865
E21: Jumlah | F21: =SUM(F16:F20) -> 1.8010552e+09 | G21: =SUM(G16:G20) -> 2406987644 | H21: =SUM(H16:H20) -> 2.6405618e+09 | I21: =SUM(I16:I20) -> 0 | J21: =SUM(J16:J20) -> 3.2613542e+08 | K21: =SUM(K16:K20) -> 0 | L21: =SUM(L16:L20) -> 2.7331231e+09 | M21: =K21/F21 -> 0 | N21: =L21/G21 -> 1.1354953 | O21: =H21/F21 -> 1.4661193 | P21: =H21/K21 -> #DIV/0! | Q21: =H21/L21 -> 0.96613351
B23: 3 | C23: KMP. CENGKIH AFO | D23: 1 | E23: Bahan Pelumas | F23: =[2]REKAP!$F$25 -> 2.6134556e+08 | G23: ='[3]PROGNOSA (2)'!D29 -> 69992480 | H23: ='[4]REKAPITULASI KAPAL'!$E$9 -> 2.2394111e+08 | J23: =(F23/12)*5 -> 1.0889398e+08 | L23: =J23+G23 -> 1.7888646e+08 | M23: =K23/F23 -> 0 | N23: =L23/F23 -> 0.68448251 | O23: =H23/F23 -> 0.85687743 | P23: =H23/K23 -> #DIV/0! | Q23: =H23/L23 -> 1.2518617
D24: 2 | E24: Kapal RO-RO/Penyeberangan | F24: 849098940 | G24: ='[3]PROGNOSA (2)'!D30 -> 1838757695 | H24: ='[4]REKAPITULASI KAPAL'!$E$14 -> 1068499860 | L24: =J24+G24 -> 1838757695 | M24: =K24/F24 -> 0 | N24: =L24/F24 -> 2.16554 | O24: =H24/F24 -> 1.2583926 | P24: =H24/K24 -> #DIV/0! | Q24: =H24/L24 -> 0.58109878
D25: 3 | E25: Akomodasi, Peralatan, dan Perlengkapan Kapal | F25: 262104333 | G25: ='[3]PROGNOSA (2)'!D31 -> 249673250 | H25: ='[4]REKAPITULASI KAPAL'!$E$20 -> 518217900 | J25: =(F25/12)*5 -> 1.0921014e+08 | L25: =J25+G25 -> 3.5888339e+08 | M25: =K25/F25 -> 0 | N25: =L25/F25 -> 1.3692387 | O25: =H25/F25 -> 1.9771436 | P25: =H25/K25 -> #DIV/0! | Q25: =H25/L25 -> 1.4439729
D26: 4 | E26: Permesinan dan Kelistrikan Kapal | F26: 316778000 | G26: ='[3]PROGNOSA (2)'!D32 -> 297756800 | H26: ='[4]REKAPITULASI KAPAL'!$E$27 -> 4.7731119e+08 | J26: =(F26/12)*5 -> 1.3199083e+08 | L26: =J26+G26 -> 4.2974763e+08 | M26: =K26/F26 -> 0 | N26: =L26/F26 -> 1.3566208 | O26: =H26/F26 -> 1.5067687 | P26: =H26/K26 -> #DIV/0! | Q26: =H26/L26 -> 1.1106779
D27: 5 | E27: Mobilisasi Dlm rangka Docking | F27: 126554300 | G27: ='[3]PROGNOSA (2)'!$D$28 -> 186800000 | H27: ='[4]REKAPITULASI KAPAL'!$E$33 -> 217000000 | L27: =J27+G27 -> 186800000 | M27: =K27/F27 -> 0 | N27: =L27/F27 -> 1.4760463 | O27: =H27/F27 -> 1.714679 | P27: =H27/K27 -> #DIV/0! | Q27: =H27/L27 -> 1.1616702
E28: Jumlah | F28: =SUM(F23:F27) -> 1.8158811e+09 | G28: =SUM(G23:G27) -> 2642980225 | H28: =SUM(H23:H27) -> 2.5049701e+09 | I28: =SUM(I23:I27) -> 0 | J28: =SUM(J23:J27) -> 3.5009495e+08 | K28: =SUM(K23:K27) -> 0 | L28: =SUM(L23:L27) -> 2.9930752e+09 | M28: =K28/F28 -> 0 | N28: =L28/G28 -> 1.1324622 | O28: =H28/F28 -> 1.3794791 | P28: =H28/K28 -> #DIV/0! | Q28: =H28/L28 -> 0.83692186
B30: 4 | C30: KMP. TANJUNG API | D30: 1 | E30: Bahan Pelumas | F30: =[2]REKAP!$F$32 -> 2.482551e+08 | G30: ='[3]PROGNOSA (2)'!D17 -> 86892480 | H30: ='[4]REKAPITULASI KAPAL'!$H$9 -> 2.1598029e+08 | J30: =(F30/12)*5 -> 1.0343963e+08 | L30: =J30+G30 -> 1.9033211e+08 | M30: =K30/F30 -> 0 | N30: =L30/F30 -> 0.76667953 | O30: =H30/F30 -> 0.86999336 | P30: =H30/K30 -> #DIV/0! | Q30: =H30/L30 -> 1.1347549
D31: 2 | E31: Kapal RO-RO/Penyeberangan | F31: 790664322 | G31: ='[3]PROGNOSA (2)'!D18 -> 884763187 | H31: ='[4]REKAPITULASI KAPAL'!$H$14 -> 928884137 | L31: =J31+G31 -> 884763187 | M31: =K31/F31 -> 0 | N31: =L31/F31 -> 1.1190124 | O31: =H31/F31 -> 1.1748148 | P31: =H31/K31 -> #DIV/0! | Q31: =H31/L31 -> 1.0498675
D32: 3 | E32: Akomodasi, Peralatan, dan Perlengkapan Kapal | F32: 224275761 | G32: ='[3]PROGNOSA (2)'!D19 -> 169048600 | H32: ='[4]REKAPITULASI KAPAL'!$H$20 -> 401360000 | J32: =(F32/12)*5 -> 93448234 | L32: =J32+G32 -> 2.6249683e+08 | M32: =K32/F32 -> 0 | N32: =L32/F32 -> 1.17042 | O32: =H32/F32 -> 1.7895826 | P32: =H32/K32 -> #DIV/0! | Q32: =H32/L32 -> 1.5290089
D33: 4 | E33: Permesinan dan Kelistrikan Kapal | F33: 322506800 | G33: ='[3]PROGNOSA (2)'!D20 -> 211288362 | H33: ='[4]REKAPITULASI KAPAL'!$H$27 -> 450467330 | J33: =(F33/12)*5 -> 1.3437783e+08 | L33: =J33+G33 -> 3.456662e+08 | M33: =K33/F33 -> 0 | N33: =L33/F33 -> 1.0718106 | O33: =H33/F33 -> 1.3967685 | P33: =H33/K33 -> #DIV/0! | Q33: =H33/L33 -> 1.303186
D34: 5 | E34: Mobilisasi Dlm rangka Docking | F34: 125798050 | G34: ='[3]PROGNOSA (2)'!$D$16 -> 18348000 | H34: ='[4]REKAPITULASI KAPAL'!$H$33 -> 1.9070544e+08 | L34: =J34+G34 -> 18348000 | M34: =K34/F34 -> 0 | N34: =L34/F34 -> 0.14585282 | O34: =H34/F34 -> 1.515965 | P34: =H34/K34 -> #DIV/0! | Q34: =H34/L34 -> 10.3938
E35: Jumlah | F35: =SUM(F30:F34) -> 1.7115e+09 | G35: =SUM(G30:G34) -> 1370340629 | H35: =SUM(H30:H34) -> 2.1873972e+09 | I35: =SUM(I30:I34) -> 0 | J35: =SUM(J30:J34) -> 3.3126569e+08 | K35: =SUM(K30:K34) -> 0 | L35: =SUM(L30:L34) -> 1.7016063e+09 | M35: =K35/F35 -> 0 | N35: =L35/G35 -> 1.2417397 | O35: =H35/F35 -> 1.2780585 | P35: =H35/K35 -> #DIV/0! | Q35: =H35/L35 -> 1.2854896
B37: 5 | C37: KMP. TELUK TOLO | D37: 1 | E37: Bahan Pelumas | F37: =[2]REKAP!$F$46 -> 2.6134556e+08 | G37: ='[3]PROGNOSA (2)'!D42 -> 103192480 | H37: ='[4]REKAPITULASI KAPAL'!$J$9 -> 2.270459e+08 | J37: =(F37/12)*5 -> 1.0889398e+08 | L37: =J37+G37 -> 2.1208646e+08 | M37: =K37/F37 -> 0 | N37: =L37/F37 -> 0.81151738 | O37: =H37/F37 -> 0.86875744 | P37: =H37/K37 -> #DIV/0! | Q37: =H37/L37 -> 1.0705346
D38: 2 | E38: Kapal RO-RO/Penyeberangan | F38: 847824785 | G38: ='[3]PROGNOSA (2)'!D43 -> 1252641038 | H38: ='[4]REKAPITULASI KAPAL'!$J$14 -> 9.8022995e+08 | L38: =J38+G38 -> 1252641038 | M38: =K38/F38 -> 0 | N38: =L38/F38 -> 1.4774763 | O38: =H38/F38 -> 1.1561704 | P38: =H38/K38 -> #DIV/0! | Q38: =H38/L38 -> 0.78253061 | T38: =338697163/2 -> 1.6934858e+08
D39: 3 | E39: Akomodasi, Peralatan, dan Perlengkapan Kapal | F39: 315284392 | G39: ='[3]PROGNOSA (2)'!D44 -> 36200500 | H39: ='[4]REKAPITULASI KAPAL'!$J$20 -> 424380600 | J39: =(F39/12)*5 -> 1.313685e+08 | L39: =J39+G39 -> 1.67569e+08 | M39: =K39/F39 -> 0 | N39: =L39/F39 -> 0.53148523 | O39: =H39/F39 -> 1.3460248 | P39: =H39/K39 -> #DIV/0! | Q39: =H39/L39 -> 2.5325723 | T39: 74453308
D40: 4 | E40: Permesinan dan Kelistrikan Kapal | F40: 319556100 | G40: ='[3]PROGNOSA (2)'!D45 -> 80313000 | H40: ='[4]REKAPITULASI KAPAL'!$J$27 -> 406756495 | J40: =(F40/12)*5 -> 133148375 | L40: =J40+G40 -> 213461375 | M40: =K40/F40 -> 0 | N40: =L40/F40 -> 0.66799343 | O40: =H40/F40 -> 1.2728798 | P40: =H40/K40 -> #DIV/0! | Q40: =H40/L40 -> 1.9055274 | T40: 79000000
D41: 5 | E41: Mobilisasi Dlm rangka Docking | F41: 222399646 | G41: ='[3]PROGNOSA (2)'!$D$41 -> 116550000 | H41: ='[4]REKAPITULASI KAPAL'!$J$33 -> 233000000 | L41: =J41+G41 -> 116550000 | M41: =K41/F41 -> 0 | N41: =L41/F41 -> 0.52405659 | O41: =H41/F41 -> 1.0476635 | P41: =H41/K41 -> #DIV/0! | Q41: =H41/L41 -> 1.999142 | T41: 16175000
E42: Jumlah | F42: =SUM(F37:F41) -> 1.9664105e+09 | G42: =SUM(G37:G41) -> 1588897018 | H42: =SUM(H37:H41) -> 2.2714129e+09 | I42: =SUM(I37:I41) -> 0 | J42: =SUM(J37:J41) -> 3.7341085e+08 | K42: =SUM(K37:K41) -> 0 | L42: =SUM(L37:L41) -> 1.9623079e+09 | M42: =K42/F42 -> 0 | N42: =L42/G42 -> 1.2350126 | O42: =H42/F42 -> 1.1551062 | P42: =H42/K42 -> #DIV/0! | Q42: =H42/L42 -> 1.1575212 | S42: Kapal Roro | T42: =SUM(T38:T41) -> 3.3897689e+08
S43: BBM | T43: 78642396
B44: 6 | C44: KMP. DOLOSI | D44: 1 | E44: Bahan Pelumas | F44: =[2]REKAP!$F$39 -> 2.4626268e+08 | G44: ='[3]PROGNOSA (2)'!D67 -> 70508220 | H44: ='[4]REKAPITULASI KAPAL'!$F$9 -> 2.319959e+08 | J44: =(F44/12)*5 -> 1.0260945e+08 | L44: =J44+G44 -> 1.7311767e+08 | M44: =K44/F44 -> 0 | N44: =L44/F44 -> 0.70297972 | O44: =H44/F44 -> 0.94206682 | P44: =H44/K44 -> #DIV/0! | Q44: =H44/L44 -> 1.3401053 | S44: Deck | T44: 134713425 | V44: April | W44: Mei | X44: Juni | Y44: Juli
D45: 2 | E45: Kapal RO-RO/Penyeberangan | F45: 876755778 | G45: ='[3]PROGNOSA (2)'!D68 -> 653548850 | H45: ='[4]REKAPITULASI KAPAL'!$F$14 -> 9.5806095e+08 | L45: =J45+G45 -> 653548850 | M45: =K45/F45 -> 0 | N45: =L45/F45 -> 0.74541721 | O45: =H45/F45 -> 1.0927341 | P45: =H45/K45 -> #DIV/0! | Q45: =H45/L45 -> 1.4659363 | S45: Mesin | T45: 99294580 | V45: 28744815 | W45: 21600000 | X45: 32400000 | Y45: 45040000 | Z45: =SUM(V45:Y45) -> 127784815 | AA45: =SUM(W45:Y45) -> 99040000
D46: 3 | E46: Akomodasi, Peralatan, dan Perlengkapan Kapal | F46: 299803810 | G46: ='[3]PROGNOSA (2)'!D69 -> 213177250 | H46: ='[4]REKAPITULASI KAPAL'!$F$20 -> 422892400 | J46: =(F46/12)*5 -> 1.2491825e+08 | L46: =J46+G46 -> 3.380955e+08 | M46: =K46/F46 -> 0 | N46: =L46/F46 -> 1.1277225 | O46: =H46/F46 -> 1.4105638 | P46: =H46/K46 -> #DIV/0! | Q46: =H46/L46 -> 1.2508075 | S46: Pelumas | T46: 11594033 | V46: 0 | W46: 0 | X46: 0 | Y46: 0 | Z46: =SUM(V46:Y46) -> 0
D47: 4 | E47: Permesinan dan Kelistrikan Kapal | F47: 338927600 | G47: ='[3]PROGNOSA (2)'!D70 -> 232968700 | H47: ='[4]REKAPITULASI KAPAL'!$F$27 -> 424053070 | J47: =(F47/12)*5 -> 1.4121983e+08 | L47: =J47+G47 -> 3.7418853e+08 | M47: =K47/F47 -> 0 | N47: =L47/F47 -> 1.1040368 | O47: =H47/F47 -> 1.2511612 | P47: =H47/K47 -> #DIV/0! | Q47: =H47/L47 -> 1.1332605 | V47: 15583450 | W47: 4572000 | X47: 65747000 | Y47: 37969019 | Z47: =SUM(V47:Y47) -> 1.2387147e+08 | AA47: =SUM(W47:Y47) -> 1.0828802e+08
D48: 5 | E48: Mobilisasi Dlm rangka Docking | F48: 189877700 | G48: ='[3]PROGNOSA (2)'!$D$66 -> 20548000 | H48: ='[4]REKAPITULASI KAPAL'!$F$33 -> 201000000 | L48: =J48+G48 -> 20548000 | M48: =K48/F48 -> 0 | N48: =L48/F48 -> 0.10821703 | O48: =H48/F48 -> 1.0585761 | P48: =H48/K48 -> #DIV/0! | Q48: =H48/L48 -> 9.7819739 | S48: RKA Mobilisasi Dolosi (Setelah pelunasan docking) | T48: -9658446.2 | V48: 68002600 | W48: 32028000 | X48: 22585500 | Y48: 73692000 | Z48: =SUM(V48:Y48) -> 196308100 | AA48: =SUM(W48:Y48) -> 128305500
E49: Jumlah | F49: =SUM(F44:F48) -> 1.9516276e+09 | G49: =SUM(G44:G48) -> 1190751020 | H49: =SUM(H44:H48) -> 2.2380023e+09 | I49: =SUM(I44:I48) -> 0 | J49: =SUM(J44:J48) -> 3.6874754e+08 | K49: =SUM(K44:K48) -> 0 | L49: =SUM(L44:L48) -> 1.5594986e+09 | M49: =K49/F49 -> 0 | N49: =L49/G49 -> 1.3096764 | O49: =H49/F49 -> 1.1467364 | P49: =H49/K49 -> #DIV/0! | Q49: =H49/L49 -> 1.4350782 | V49: 0 | X49: 0 | Z49: =SUM(V49:Y49) -> 0
C53: GABUNGAN KAPAL | D53: 1 | E53: Bahan Pelumas | F53: =F9+F16+F23+F30+F37+F44 -> 1.5394e+09 | G53: =G9+G16+G23+G30+G37+G44 -> 495286360 | H53: =H9+H16+H23+H30+H37+H44 -> 1.3270779e+09 | I53: =I9+I16+I23+I30+I37+I44 -> 0 | J53: =J9+J16+J23+J30+J37+J44 -> 6.4141667e+08 | K53: =K9+K16+K23+K30+K37+K44 -> 0 | L53: =L9+L16+L23+L30+L37+L44 -> 1.136703e+09 | M53: =K53/F53 -> 0 | N53: =L53/G53 -> 2.2950421 | O53: =H53/F53 -> 0.86207477 | P53: =K53/H53 -> 0 | Q53: =L53/H53 -> 0.85654582 | T53: =#REF!+#REF! -> #REF!
C54: LUWUK | D54: 2 | E54: Kapal RO-RO/Penyeberangan | F54: =F10+F17+F24+F31+F38+F45 -> 5267963053 | G54: =G10+G17+G24+G31+G38+G45 -> 7091965156 | H54: =H10+H17+H24+H31+H38+H45 -> 6.0916091e+09 | I54: =I10+I17+I24+I31+I38+I45 -> 0 | J54: =J10+J17+J24+J31+J38+J45 -> 0 | K54: =K10+K17+K24+K31+K38+K45 -> 0 | L54: =L10+L17+L24+L31+L38+L45 -> 7091965156 | M54: =K54/F54 -> 0 | N54: =L54/G54 -> 1 | O54: =H54/F54 -> 1.15635 | P54: =K54/H54 -> 0 | Q54: =L54/H54 -> 1.1642187 | T54: =#REF!+#REF! -> #REF!
D55: 3 | E55: Akomodasi, Peralatan, dan Perlengkapan Kapal | F55: =F11+F18+F25+F32+F39+F46 -> 1674597721 | G55: =G11+G18+G25+G32+G39+G46 -> 1160880708 | H55: =H11+H18+H25+H32+H39+H46 -> 2768744450 | I55: =I11+I18+I25+I32+I39+I46 -> 0 | J55: =J11+J18+J25+J32+J39+J46 -> 6.9774905e+08 | K55: =K11+K18+K25+K32+K39+K46 -> 0 | L55: =L11+L18+L25+L32+L39+L46 -> 1.8586298e+09 | M55: =K55/F55 -> 0 | N55: =L55/G55 -> 1.6010515 | O55: =H55/F55 -> 1.6533788 | P55: =K55/H55 -> 0 | Q55: =L55/H55 -> 0.67128975 | T55: =#REF!+#REF! -> #REF!
D56: 4 | E56: Permesinan dan Kelistrikan Kapal | F56: =F12+F19+F26+F33+F40+F47 -> 1846810500 | G56: =G12+G19+G26+G33+G40+G47 -> 1222998640 | H56: =H12+H19+H26+H33+H40+H47 -> 2.680321e+09 | I56: =I12+I19+I26+I33+I40+I47 -> 0 | J56: =J12+J19+J26+J33+J40+J47 -> 7.6950438e+08 | K56: =K12+K19+K26+K33+K40+K47 -> 0 | L56: =L12+L19+L26+L33+L40+L47 -> 1992503015 | M56: =K56/F56 -> 0 | N56: =L56/G56 -> 1.6291948 | O56: =H56/F56 -> 1.4513243 | P56: =K56/H56 -> 0 | Q56: =L56/H56 -> 0.74338223 | T56: =#REF!+#REF! -> #REF!
D57: 5 | E57: Mobilisasi Dlm rangka Docking | F57: =F13+F20+F27+F34+F41+F48 -> 923585096 | G57: =G13+G20+G27+G34+G41+G48 -> 643777500 | H57: =H13+H20+H27+H34+H41+H48 -> 1.3101054e+09 | I57: =I13+I20+I27+I34+I41+I48 -> 0 | J57: =J13+J20+J27+J34+J41+J48 -> 0 | K57: =K13+K20+K27+K34+K41+K48 -> 0 | L57: =L13+L20+L27+L34+L41+L48 -> 643777500 | M57: =K57/F57 -> 0 | N57: =L57/G57 -> 1 | O57: =H57/F57 -> 1.4185 | P57: =K57/H57 -> 0 | Q57: =L57/H57 -> 0.49139365 | T57: =#REF!+#REF! -> #REF!
E58: Jumlah | F58: =SUM(F53:F57) -> 1.1252356e+10 | G58: =SUM(G53:G57) -> 10614908364 | H58: =SUM(H53:H57) -> 1.4177858e+10 | I58: =SUM(I53:I57) -> 0 | J58: =SUM(J53:J57) -> 2.1086701e+09 | K58: =SUM(K53:K57) -> 0 | L58: =SUM(L53:L57) -> 1.2723578e+10 | M58: =K58/F58 -> 0 | N58: =L58/G58 -> 1.1986517 | O58: =H58/F58 -> 1.2599901 | P58: =H58/K58 -> #DIV/0! | Q58: =H58/L58 -> 1.114298
E66: Cengki Afo | F66: 3802500
E67: Moinit | F67: 3802500
E68: Tuna Tomini | F68: 4387500
E69: Tanjung Api | F69: 3802500
E70: Teluk Tolo | F70: 3802500
E71: Dolosi | F71: 3802500

Sheet data Prognosa rutin real (2)
B2: PT. ASDP INDONESIA FERRY (PERSERO)
B3: TABEL REALISASI BIAYA PERAWATAN KAPAL CABANG LUWUK TAHUN 2023
G5: REALISASI BIAYA JANUARI S/D JULI 2023 | O5: ESTIMATE AGUS S/D DES 2023
B6: NO | C6: NAMA KAPAL | D6: JENIS BIAYA PEMELIHARAAN | F6: RKA 2023 | G6: JANUARI | H6: FEBRUARI | I6: MARET | J6: APRIL | K6: MEI | L6: JUNI | M6: JULI | N6: TOTAL REALISASI BIAYA JAN S/D JULI 2023 | O6: AGUS | P6: SEPT | Q6: OKT | R6: NOP | S6: DES | T6: TOTAL ESTIMATE AGUS S/D DES 2023 | U6: PROGNOSA 2023 | V6: PRESENTASE PENYERAPAN RKAC | AE6: REALISASI BIAYA
B8: 1 | C8: KMP. MOINIT | D8: 1 | E8: Bahan Pelumas | F8: =[2]REKAP!$F$11 -> 2.6084556e+08 | I8: =[5]MOINIT!$E$51 -> 15900000 | K8: =[6]MOINIT!$E$51 -> 23210000 | M8: =[7]MOINIT!$E$53 -> 16300000 | N8: =SUM(G8:M8) -> 55410000 | O8: =F8/12 -> 21737130 | P8: =O8 -> 21737130 | Q8: =P8 -> 21737130 | R8: =Q8 -> 21737130 | S8: =R8 -> 21737130 | T8: =SUM(O8:S8) -> 1.0868565e+08 | U8: =T8+N8 -> 1.6409565e+08 | V8: =U8/F8 -> 0.62909122 | AE8: =[8]Prognosa!G9 -> 70508220 | AF8: =AE8-N8 -> 15098220 | AG8: 18774450 | AP8: ='data Prognosa rutin'!U8 -> 1.7919387e+08 | AQ8: ='data Prognosa rutin'!V8 -> 0.68697305
D9: 2 | E9: Kapal RO-RO/Penyeberangan | F9: 994766768 | M9: =[7]MOINIT!E61 -> 337046500 | N9: =SUM(G9:M9) -> 337046500 | P9: 23500000 | T9: =SUM(O9:S9) -> 23500000 | U9: =T9+N9 -> 360546500 | V9: =U9/F9 -> 0.36244325 | AE9: =[8]Prognosa!G10 -> 801138610 | AF9: =AE9-N9 -> 464092110 | AG9: 45140920 | AP9: ='data Prognosa rutin'!U9 -> 801138610 | AQ9: ='data Prognosa rutin'!V9 -> 0.80535321
D10: 3 | E10: Akomodasi, Peralatan, dan Perlengkapan Kapal | F10: 294773975 | G10: =[9]MOINIT!$E$58 -> 3011000 | H10: =[10]MOINIT!$E$63 -> 9833000 | I10: =[5]MOINIT!$E$58 -> 6648000 | J10: =[11]MOINIT!$E$58 -> 100533000 | K10: =[6]MOINIT!$E$58 -> 40904920 | L10: =[12]MOINIT!$E$60 -> 3700000 | M10: =[7]MOINIT!E62 -> 15875000 | N10: =SUM(G10:M10) -> 180504920 | O10: ='[13]Hutang 2022'!$J$23 -> 27500000 | Q10: ='[13]Outstanding V1 (SPI)'!$E$32 -> 67900000 | R10: ='[13]Hutang 2022'!$J$24 -> 133463000 | S10: ='[13]Hutang 2022'!$J$26 -> 87418050 | T10: =SUM(O10:S10) -> 316281050 | U10: =T10+N10 -> 496785970 | V10: =U10/F10 -> 1.6853115 | AE10: =[8]Prognosa!G11 -> 177514920 | AF10: =AE10-N10 -> -2990000 | AG10: -68111800 | AP10: ='data Prognosa rutin'!U10 -> 3.0033741e+08 | AQ10: ='data Prognosa rutin'!V10 -> 1.0188736
D11: 4 | E11: Permesinan dan Kelistrikan Kapal | F11: 306018000 | G11: =[9]MOINIT!$E$59 -> 2413000 | H11: =[10]MOINIT!$E$64 -> 6760500 | I11: =[5]MOINIT!$E$59 -> 126616078 | J11: =[11]MOINIT!$E$59 -> 2870000 | K11: =[6]MOINIT!$E$59 -> 5151000 | L11: =[12]MOINIT!$E$61 -> 14980000 | M11: =[7]MOINIT!E63 -> 12375000 | N11: =SUM(G11:M11) -> 171165578 | O11: 43570000 | P11: ='[13]Outstanding V1 (SPI)'!$E$17+'[13]Hutang 2022'!$J$55 -> 35486000 | Q11: ='[13]Outstanding V1 (SPI)'!$E$15+'[13]Hutang 2022'!$J$40 -> 23200000 | R11: ='[13]Outstanding V1 (SPI)'!$E$14 -> 27275000 | S11: ='[13]Outstanding V1 (SPI)'!$E$23 -> 20560400 | T11: =SUM(O11:S11) -> 150091400 | U11: =T11+N11 -> 321256978 | V11: =U11/F11 -> 1.0497977 | AE11: =[8]Prognosa!G12 -> 179754078 | AF11: =AE11-N11 -> 8588500 | AG11: 68812630 | AP11: ='data Prognosa rutin'!U11 -> 307261578 | AQ11: ='data Prognosa rutin'!V11 -> 1.0040637
D12: 5 | E12: Mobilisasi Dlm rangka Docking | F12: 149477700 | L12: =[12]MOINIT!$E$51 -> 167600000 | M12: =[7]MOINIT!$E$52 -> 18436000 | N12: =SUM(G12:M12) -> 186036000 | T12: =SUM(O12:S12) -> 0 | U12: =T12+N12 -> 186036000 | V12: =U12/F12 -> 1.2445736 | AE12: =[8]Prognosa!G13 -> 186036000 | AF12: =AE12-N12 -> 0 | AG12: 0 | AP12: ='data Prognosa rutin'!U12 -> 186036000 | AQ12: ='data Prognosa rutin'!V12 -> 1.2445736
E13: Jumlah | F13: =SUM(F8:F12) -> 2.005882e+09 | G13: =SUM(G8:G12) -> 5424000 | H13: =SUM(H8:H12) -> 16593500 | I13: =SUM(I8:I12) -> 149164078 | J13: =SUM(J8:J12) -> 103403000 | K13: =SUM(K8:K12) -> 69265920 | L13: =SUM(L8:L12) -> 186280000 | M13: =SUM(M8:M12) -> 400032500 | ... U13: =SUM(U8:U12) -> 1.5287211e+09 | V13: =U13/F13 -> 0.76211916 | AE13: =SUM(AE8:AE12) -> 1414951828 | AF13: =SUM(AF8:AF12) -> 484788830 | AG13: 64616200 | AP13: =SUM(AP8:AP12) -> 1.7739675e+09 | AQ13: =AP13/AA13 -> #DIV/0!
B15: 2 | C15: KMP. TUNA TOMINI | D15: 1 | E15: Bahan Pelumas | F15: =[2]REKAP!$F$18 -> 2.6134556e+08 | I15: ='[5]TUNA TOMINI'!$E$52 -> 32284260 | K15: ='[6]TUNA TOMINI'!$E$52 -> 39510000 | N15: =SUM(G15:M15) -> 71794260 | O15: =F15/12 -> 21778796 | P15: =O15 -> 21778796 | Q15: =P15 -> 21778796 | R15: =Q15 -> 21778796 | S15: =R15 -> 21778796 | T15: =SUM(O15:S15) -> 1.0889398e+08 | U15: =T15+N15 -> 1.8068824e+08 | V15: =U15/F15 -> 0.69137675 | AE15: =[8]Prognosa!G16 -> 94192480 | AF15: =AE15-N15 -> 22398220 | AG15: -9500390 | AP15: ='data Prognosa rutin'!U15 -> 2.0308646e+08 | AQ15: ='data Prognosa rutin'!V15 -> 0.77708022
D16: 2 | E16: Kapal RO-RO/Penyeberangan | F16: =908852460 -> 908852460 | K16: ='[6]TUNA TOMINI'!E60 -> 375140000 | L16: ='[12]TUNA TOMINI'!$E$61 -> 67400000 | N16: =SUM(G16:M16) -> 442540000 | O16: ='[13]Hutang 2022'!$J$10 -> 258001318 | P16: ='Rekap Pembayaran'!F53 -> 684198221 | Q16: ='Rekap Pembayaran'!F54+'[13]Hutang 2022'!$J$11 -> 48305367 | R16: 23400000 | S16: 75890000 | T16: =SUM(O16:S16) -> 1089794906 | U16: =T16+N16 -> 1532334906 | V16: =U16/F16 -> 1.6860106 | AE16: =[8]Prognosa!G17 -> 1661115776 | AF16: =AE16-N16 -> 1218575776 | AG16: 724034906 | AP16: ='data Prognosa rutin'!U16 -> 1661115776 | AQ16: ='data Prognosa rutin'!V16 -> 1.8277068
D17: 3 | E17: Akomodasi, Peralatan, dan Perlengkapan Kapal | F17: =278355450 -> 278355450 | G17: ='[9]TUNA TOMINI'!$E$62 -> 19637750 | H17: ='[14]TUNA TOMINI'!$E$63 -> 6706000 | I17: ='[5]TUNA TOMINI'!$E$61 -> 21571000 | J17: ='[11]TUNA TOMINI'!$E$61 -> 2219000 | K17: ='[6]TUNA TOMINI'!E61 -> 110510000 | L17: ='[12]TUNA TOMINI'!$E$62 -> 22944000 | M17: ='[15]TUNA TOMINI'!$E$62 -> 23780000 | N17: =SUM(G17:M17) -> 207367750 | O17: 15750000 | P17: 57500000 | Q17: ='[13]Hutang 2022'!$J$21 -> 54556639 | R17: ='[13]Outstanding V1 (SPI)'!$E$8+'[13]Outstanding V1 (SPI)'!$E$29 -> 49260000 | S17: ='[13]Hutang 2022'!$J$28 -> 58030800 | T17: =SUM(O17:S17) -> 2.3509744e+08 | U17: =T17+N17 -> 4.4246519e+08 | V17: =U17/F17 -> 1.589569 | AE17: =[8]Prognosa!G18 -> 315266188 | AF17: =AE17-N17 -> 107898438 | AG17: 155929758 | AP17: ='data Prognosa rutin'!U17 -> 4.3124763e+08 | AQ17: ='data Prognosa rutin'!V17 -> 1.5492696
D18: 4 | E18: Permesinan dan Kelistrikan Kapal | F18: =243024000 -> 243024000 | G18: ='[9]TUNA TOMINI'!$E$63 -> 2459000 | H18: ='[14]TUNA TOMINI'!$E$64 -> 6848000 | I18: ='[5]TUNA TOMINI'!$E$62 -> 7881000 | J18: ='[11]TUNA TOMINI'!$E$62 -> 14148200 | K18: ='[6]TUNA TOMINI'!E62 -> 72743000 | M18: ='[15]TUNA TOMINI'!$E$63 -> 94947500 | N18: =SUM(G18:M18) -> 199026700 | O18: ='[13]Non Outstanding (Belum Fidias)'!$E$17 -> 24901000 | P18: ='[13]Non Outstanding (Belum Fidias)'!$E$25 -> 48160915 | Q18: ='[13]Hutang 2022'!$J$45+'[13]Hutang 2022'!$J$46 -> 54390000 | R18: ='[13]Outstanding V1 (SPI)'!$E$21+'[13]Hutang 2022'!$J$42+'[13]Hutang 2022'!$J$44 -> 112998870 | S18: ='[13]Outstanding V1 (SPI)'!$E$20+'[13]Hutang 2022'!$J$43 -> 36089000 | T18: =SUM(O18:S18) -> 276539785 | U18: =T18+N18 -> 475566485 | V18: =U18/F18 -> 1.9568705 | AE18: =[8]Prognosa!G19 -> 220917700 | AF18: =AE18-N18 -> 21891000 | AG18: 15608492 | AP18: ='data Prognosa rutin'!U18 -> 322177700 | AQ18: ='data Prognosa rutin'!V18 -> 1.3257032
D19: 5 | E19: Mobilisasi Dlm rangka Docking | F19: =109477700 -> 109477700 | K19: ='[6]TUNA TOMINI'!$E$51 -> 115495500 | N19: =SUM(G19:M19) -> 115495500 | T19: =SUM(O19:S19) -> 0 | U19: =T19+N19 -> 115495500 | V19: =U19/F19 -> 1.0549683 | AE19: =[8]Prognosa!G20 -> 115495500 | AF19: =AE19-N19 -> 0 | AG19: 0 | AP19: ='data Prognosa rutin'!U19 -> 115495500 | AQ19: ='data Prognosa rutin'!V19 -> 1.0549683
E20: Jumlah | F20: =SUM(F15:F19) -> 1.8010552e+09 | G20: =SUM(G15:G19) -> 22096750 | H20: =SUM(H15:H19) -> 13554000 | I20: =SUM(I15:I19) -> 61736260 | J20: =SUM(J15:J19) -> 16367200 | K20: =SUM(K15:K19) -> 713398500 | L20: =SUM(L15:L19) -> 90344000 | M20: =SUM(M15:M19) -> 118727500 | ... U20: =SUM(U15:U19) -> 2.7465503e+09 | V20: =U20/F20 -> 1.5249673 | AE20: =SUM(AE15:AE19) -> 2406987644 | AF20: =SUM(AF15:AF19) -> 1370763434 | AG20: 8.8607277e+08 | AP20: =SUM(AP15:AP19) -> 2.7331231e+09 | AQ20: =AP20/AA20 -> #DIV/0!
B22: 3 | C22: KMP. CENGKIH AFO | D22: 1 | E22: Bahan Pelumas | F22: =[2]REKAP!$F$25 -> 2.6134556e+08 | I22: ='[5]CENGKIH AFO'!$E$53 -> 54894260 | N22: =SUM(G22:M22) -> 54894260 | O22: =F22/12 -> 21778796 | P22: =O22 -> 21778796 | Q22: =P22 -> 21778796 | R22: =Q22 -> 21778796 | S22: =R22 -> 21778796 | T22: =SUM(O22:S22) -> 1.0889398e+08 | U22: =T22+N22 -> 1.6378824e+08 | V22: =U22/F22 -> 0.62671141 | AE22: =[8]Prognosa!G23 -> 69992480 | AF22: =AE22-N22 -> 15098220 | AG22: -24487390 | AP22: ='data Prognosa rutin'!U22 -> 1.7888646e+08 | AQ22: ='data Prognosa rutin'!V22 -> 0.68448251
D23: 2 | E23: Kapal RO-RO/Penyeberangan | F23: 849098940 | H23: ='[16]CENGKIH AFO'!$E$62 -> 205305375 | I23: ='[5]CENGKIH AFO'!E60 -> 349510000 | K23: ='[6]CENGKIH AFO'!$E$60 -> 6240000 | N23: =SUM(G23:M23) -> 561055375 | O23: ='Rekap Pembayaran'!F25 -> 618055064 | P23: ='Rekap Pembayaran'!F26 -> 25390140 | Q23: 176875535 | T23: =SUM(O23:S23) -> 820320739 | U23: =T23+N23 -> 1381376114 | V23: =U23/F23 -> 1.626873 | AE23: =[8]Prognosa!G24 -> 1838757695 | AF23: =AE23-N23 -> 1277702320 | AG23: 1231310195 | AP23: ='data Prognosa rutin'!U23 -> 1838757695 | AQ23: ='data Prognosa rutin'!V23 -> 2.16554
D24: 3 | E24: Akomodasi, Peralatan, dan Perlengkapan Kapal | F24: 262104333 | G24: ='[9]CENGKIH AFO'!$E$61 -> 8118000 | H24: ='[16]CENGKIH AFO'!$E$63 -> 86898500 | I24: ='[5]CENGKIH AFO'!E61 -> 85021000 | J24: ='[11]CENGKIH AFO'!$E$61 -> 126214750 | K24: ='[6]CENGKIH AFO'!$E$61 -> 2678000 | L24: ='[12]CENGKIH AFO'!$E$61 -> 15075000 | M24: ='[17]CENGKIH AFO'!$E$61 -> 8978000 | N24: =SUM(G24:M24) -> 332983250 | P24: 48500000 | Q24: ='[13]Outstanding V1 (SPI)'!$E$28 -> 20350000 | R24: ='[13]Hutang 2022'!$J$25 -> 47752375 | S24: ='[13]Hutang 2022'!$J$31 -> 80780000 | T24: =SUM(O24:S24) -> 197382375 | U24: =T24+N24 -> 530365625 | V24: =U24/F24 -> 2.0234905 | AE24: =[8]Prognosa!G25 -> 249673250 | AF24: =AE24-N24 -> -83310000 | AG24: -44399420 | AP24: ='data Prognosa rutin'!U24 -> 3.5888339e+08 | AQ24: ='data Prognosa rutin'!V24 -> 1.3692387
D25: 4 | E25: Permesinan dan Kelistrikan Kapal | F25: 316778000 | G25: ='[9]CENGKIH AFO'!$E$62 -> 2738000 | H25: ='[16]CENGKIH AFO'!$E$64 -> 73168030 | I25: ='[5]CENGKIH AFO'!E62 -> 24566500 | J25: ='[11]CENGKIH AFO'!$E$62 -> 43291000 | K25: ='[6]CENGKIH AFO'!$E$62 -> 134266900 | M25: ='[17]CENGKIH AFO'!$E$62 -> 6426000 | N25: =SUM(G25:M25) -> 284456430 | O25: ='[13]Hutang 2022'!$J$50 -> 47300000 | P25: ='[13]Hutang 2022'!$J$47+'[13]Hutang 2022'!$J$49 -> 84920000 | Q25: ='[13]Outstanding V1 (SPI)'!$E$16+'[13]Hutang 2022'!$J$39+'[13]Hutang 2022'!$J$48 -> 100895968 | R25: ='[13]Outstanding V1 (SPI)'!$E$22+'[13]Hutang 2022'!$J$51 -> 79871920 | S25: 49870000 | T25: =SUM(O25:S25) -> 362857888 | U25: =T25+N25 -> 647314318 | V25: =U25/F25 -> 2.0434321 | AE25: =[8]Prognosa!G26 -> 297756800 | AF25: =AE25-N25 -> 13300370 | AG25: 58169238 | AP25: ='data Prognosa rutin'!U25 -> 4.2974763e+08 | AQ25: ='data Prognosa rutin'!V25 -> 1.3566208
D26: 5 | E26: Mobilisasi Dlm rangka Docking | F26: 126554300 | I26: ='[5]CENGKIH AFO'!$E$52 -> 186800000 | N26: =SUM(G26:M26) -> 186800000 | T26: =SUM(O26:S26) -> 0 | U26: =T26+N26 -> 186800000 | V26: =U26/F26 -> 1.4760463 | AE26: =[8]Prognosa!G27 -> 186800000 | AF26: =AE26-N26 -> 0 | AG26: 186800000 | AP26: ='data Prognosa rutin'!U26 -> 186800000 | AQ26: ='data Prognosa rutin'!V26 -> 1.4760463
E27: Jumlah | F27: =SUM(F22:F26) -> 1.8158811e+09 | G27: =SUM(G22:G26) -> 10856000 | H27: =SUM(H22:H26) -> 365371905 | I27: =SUM(I22:I26) -> 700791760 | J27: =SUM(J22:J26) -> 169505750 | K27: =SUM(K22:K26) -> 143184900 | L27: =SUM(L22:L26) -> 15075000 | M27: =SUM(M22:M26) -> 15404000 | ... U27: =SUM(U22:U26) -> 2.9096443e+09 | V27: =U27/F27 -> 1.6023319 | AE27: =SUM(AE22:AE26) -> 2642980225 | AF27: =SUM(AF22:AF26) -> 1222790910 | AG27: 1.4073926e+09 | AP27: =SUM(AP22:AP26) -> 2.9930752e+09 | AQ27: =AP27/AA27 -> #DIV/0!
B29: 4 | C29: KMP. TANJUNG API | D29: 1 | E29: Bahan Pelumas | F29: =[2]REKAP!$F$32 -> 2.482551e+08 | I29: ='[5]TANJUNG API'!$E$51 -> 32284260 | K29: ='[6]TANJUNG API'!$E$51 -> 23210000 | M29: ='[18]TANJUNG API'!$E$53 -> 16300000 | N29: =SUM(G29:M29) -> 71794260 | O29: =F29/12 -> 20687925 | P29: =O29 -> 20687925 | Q29: =P29 -> 20687925 | R29: =Q29 -> 20687925 | S29: =R29 -> 20687925 | T29: =SUM(O29:S29) -> 1.0343963e+08 | U29: =T29+N29 -> 1.7523389e+08 | V29: =U29/F29 -> 0.70586217 | AE29: =[8]Prognosa!G30 -> 86892480 | AF29: =AE29-N29 -> 15098220 | AG29: 17065710 | AP29: ='data Prognosa rutin'!U29 -> 1.9033211e+08 | AQ29: ='data Prognosa rutin'!V29 -> 0.76667953
D30: 2 | E30: Kapal RO-RO/Penyeberangan | F30: 790664322 | J30: ='[11]TANJUNG API'!E59 -> 5094100 | L30: =[12]TANJUNG!E61 -> 332914250 | M30: ='[18]TANJUNG API'!E61 -> 62290000 | N30: =SUM(G30:M30) -> 400298350 | O30: ='[13]Hutang 2022'!$J$13 -> 35791950 | P30: 24300000 | Q30: ='Rekap Pembayaran'!F66 -> 420610388 | T30: =SUM(O30:S30) -> 480702338 | U30: =T30+N30 -> 881000688 | V30: =U30/F30 -> 1.1142538 | AE30: =[8]Prognosa!G31 -> 884763187 | AF30: =AE30-N30 -> 484464837 | AG30: 169125652 | AP30: ='data Prognosa rutin'!U30 -> 884763187 | AQ30: ='data Prognosa rutin'!V30 -> 1.1190124
D31: 3 | E31: Akomodasi, Peralatan, dan Perlengkapan Kapal | F31: 224275761 | G31: ='[9]TANJUNG API'!$E$61 -> 9902500 | H31: ='[19]TANJUNG API'!$E$65 -> 10313000 | I31: ='[5]TANJUNG API'!$E$60 -> 2282500 | J31: ='[11]TANJUNG API'!E60 -> 10734600 | K31: ='[6]TANJUNG API'!$E$60 -> 2331000 | L31: =[12]TANJUNG!E62 -> 13912500 | M31: ='[18]TANJUNG API'!E62 -> 127111000 | N31: =SUM(G31:M31) -> 176587100 | P31: ='[13]Outstanding V1 (SPI)'!$E$27 -> 49335000 | Q31: ='Rekap Pembayaran'!F67 -> 25476082 | R31: ='[13]Non Outstanding (Belum Fidias)'!$E$22 -> 20100000 | S31: ='[13]Hutang 2022'!$J$30 -> 137900000 | T31: =SUM(O31:S31) -> 232811082 | U31: =T31+N31 -> 409398182 | V31: =U31/F31 -> 1.8254232 | AE31: =[8]Prognosa!G32 -> 169048600 | AF31: =AE31-N31 -> -7538500 | AG31: -4097895 | AP31: ='data Prognosa rutin'!U31 -> 2.6249683e+08 | AQ31: ='data Prognosa rutin'!V31 -> 1.17042
D32: 4 | E32: Permesinan dan Kelistrikan Kapal | F32: 322506800 | G32: ='[9]TANJUNG API'!$E$62 -> 2725000 | H32: ='[19]TANJUNG API'!$E$66 -> 31656500 | I32: ='[5]TANJUNG API'!$E$61 -> 10460000 | J32: ='[11]TANJUNG API'!E61 -> 3367000 | K32: ='[6]TANJUNG API'!$E$61 -> 20946000 | L32: =[12]TANJUNG!E63 -> 64749362 | M32: ='[18]TANJUNG API'!E63 -> 30321000 | N32: =SUM(G32:M32) -> 164224862 | O32: ='[13]Outstanding V1 (SPI)'!$E$27 -> 49335000 | P32: ='[13]Outstanding V1 (SPI)'!$E$19+'[13]Outstanding V1 (SPI)'!$E$35 -> 48630000 | R32: ='[13]Outstanding V1 (SPI)'!$E$13+'[13]Hutang 2022'!$J$37 -> 34112666 | S32: ='[13]Non Outstanding (Belum Fidias)'!$E$26 -> 53122035 | T32: =SUM(O32:S32) -> 185199701 | U32: =T32+N32 -> 349424563 | V32: =U32/F32 -> 1.0834642 | AE32: =[8]Prognosa!G33 -> 211288362 | AF32: =AE32-N32 -> 47063500 | AG32: -33818077 | AP32: ='data Prognosa rutin'!U32 -> 3.456662e+08 | AQ32: ='data Prognosa rutin'!V32 -> 1.0718106
D33: 5 | E33: Mobilisasi Dlm rangka Docking | F33: 125798050 | L33: =[12]TANJUNG!$E$52 -> 18348000 | N33: =SUM(G33:M33) -> 18348000 | T33: =SUM(O33:S33) -> 0 | U33: =T33+N33 -> 18348000 | V33: =U33/F33 -> 0.14585282 | AE33: =[8]Prognosa!G34 -> 18348000 | AF33: =AE33-N33 -> 0 | AG33: -166800000 | AP33: ='data Prognosa rutin'!U33 -> 18348000 | AQ33: ='data Prognosa rutin'!V33 -> 0.14585282
E34: Jumlah | F34: =SUM(F29:F33) -> 1.7115e+09 | G34: =SUM(G29:G33) -> 12627500 | H34: =SUM(H29:H33) -> 41969500 | I34: =SUM(I29:I33) -> 45026760 | J34: =SUM(J29:J33) -> 19195700 | K34: =SUM(K29:K33) -> 46487000 | L34: =SUM(L29:L33) -> 429924112 | M34: =SUM(M29:M33) -> 236022000 | ... U34: =SUM(U29:U33) -> 1.8334053e+09 | V34: =U34/F34 -> 1.0712272 | AE34: =SUM(AE29:AE33) -> 1370340629 | AF34: =SUM(AF29:AF33) -> 539088057 | AG34: -18524610 | AP34: =SUM(AP29:AP33) -> 1.7016063e+09 | AQ34: =AP34/AA34 -> #DIV/0!
B36: 5 | C36: KMP. TELUK TOLO | D36: 1 | E36: Bahan Pelumas | F36: =[2]REKAP!$F$46 -> 2.6134556e+08 | I36: ='[5]TELUK TOLO'!$E$50 -> 32284260 | K36: ='[6]TELUK TOLO'!$E$50 -> 16300000 | M36: ='[20]TELUK TOLO'!$E$52 -> 39510000 | N36: =SUM(G36:M36) -> 88094260 | O36: =F36/12 -> 21778796 | P36: =O36 -> 21778796 | Q36: =P36 -> 21778796 | R36: =Q36 -> 21778796 | S36: =R36 -> 21778796 | T36: =SUM(O36:S36) -> 1.0889398e+08 | U36: =T36+N36 -> 1.9698824e+08 | V36: =U36/F36 -> 0.75374628 | AE36: =[8]Prognosa!G37 -> 103192480 | AF36: =AE36-N36 -> 15098220 | AG36: 7602610 | AP36: ='data Prognosa rutin'!U36 -> 2.1208646e+08 | AQ36: ='data Prognosa rutin'!V36 -> 0.81151738
D37: 2 | E37: Kapal RO-RO/Penyeberangan | F37: 847824785 | M37: ='[20]TELUK TOLO'!E60 -> 235960203 | N37: =SUM(G37:M37) -> 235960203 | O37: ='[13]Hutang 2022'!$J$9+'[13]Hutang 2022'!$J$12 -> 50239710 | P37: ='[13]Outstanding V1 (SPI)'!$E$4+'[13]Hutang 2022'!$J$14 -> 392773082 | Q37: =(('Rekap Pembayaran'!F91*50%)+'[21]RL Tambahan Docking'!$U$260)*95%+'[13]Hutang 2022'!$J$15 -> 4.3107585e+08 | R37: 24500000 | T37: =SUM(O37:S37) -> 8.9858864e+08 | U37: =T37+N37 -> 1.1345488e+09 | V37: =U37/F37 -> 1.3381879 | AE37: =[8]Prognosa!G38 -> 1252641038 | AF37: =AE37-N37 -> 1016680835 | AG37: 6.3477574e+08 | AP37: ='data Prognosa rutin'!U37 -> 1252641038 | AQ37: ='data Prognosa rutin'!V37 -> 1.4774763
D38: 3 | E38: Akomodasi, Peralatan, dan Perlengkapan Kapal | F38: 315284392 | G38: ='[9]TELUK TOLO'!$E$58 -> 2546000 | H38: ='[22]TELUK TOLO'!$E$63 -> 6881500 | I38: ='[5]TELUK TOLO'!$E$58 -> 2708000 | J38: ='[11]TELUK TOLO'!$E$58 -> 5375500 | K38: ='[6]TELUK TOLO'!$E$58 -> 2681500 | M38: ='[20]TELUK TOLO'!E61 -> 12777500 | N38: =SUM(G38:M38) -> 32970000 | O38: 125700000 | P38: ='[13]Outstanding V1 (SPI)'!$E$7+'[13]Outstanding V1 (SPI)'!$E$9 -> 44020000 | R38: =(('Rekap Pembayaran'!F91*50%)+('[21]RL Tambahan Docking'!$U$260))*5%+'[13]Hutang 2022'!$J$20+'[13]Outstanding V1 (SPI)'!$E$31 -> 1.2774918e+08 | S38: ='[13]Hutang 2022'!$J$27+'[13]Outstanding V1 (SPI)'!$E$30 -> 95052500 | T38: =SUM(O38:S38) -> 3.9252168e+08 | U38: =T38+N38 -> 4.2549168e+08 | V38: =U38/F38 -> 1.3495488 | AE38: =[8]Prognosa!G39 -> 36200500 | AF38: =AE38-N38 -> 3230500 | AG38: -86896650 | AP38: ='data Prognosa rutin'!U38 -> 1.67569e+08 | AQ38: ='data Prognosa rutin'!V38 -> 0.53148523
D39: 4 | E39: Permesinan dan Kelistrikan Kapal | F39: 319556100 | G39: ='[9]TELUK TOLO'!$E$59 -> 2600000 | H39: ='[22]TELUK TOLO'!$E$64 -> 24132200 | I39: ='[5]TELUK TOLO'!$E$59 -> 7210000 | J39: ='[11]TELUK TOLO'!$E$59 -> 6228000 | K39: ='[6]TELUK TOLO'!$E$59 -> 3131000 | L39: ='[12]TELUK TOLO'!$E$59 -> 26265000 | M39: ='[20]TELUK TOLO'!E62 -> 27481000 | N39: =SUM(G39:M39) -> 97047200 | O39: ='[13]Non Outstanding (Belum Fidias)'!$E$18+'[13]Non Outstanding (Belum Fidias)'!$E$19 -> 26265000 | R39: ='[13]Outstanding V1 (SPI)'!$E$12 -> 29220000 | S39: ='[13]Hutang 2022'!$J$36+'[13]Hutang 2022'!$J$38 -> 60310296 | T39: =SUM(O39:S39) -> 115795296 | U39: =T39+N39 -> 212842496 | V39: =U39/F39 -> 0.66605675 | AE39: =[8]Prognosa!G40 -> 80313000 | AF39: =AE39-N39 -> -16734200 | AG39: -35307098 | AP39: ='data Prognosa rutin'!U39 -> 213461375 | AQ39: ='data Prognosa rutin'!V39 -> 0.66799343
D40: 5 | E40: Mobilisasi Dlm rangka Docking | F40: 222399646 | M40: ='[20]TELUK TOLO'!$E$51 -> 116550000 | N40: =SUM(G40:M40) -> 116550000 | T40: =SUM(O40:S40) -> 0 | U40: =T40+N40 -> 116550000 | V40: =U40/F40 -> 0.52405659 | AE40: =[8]Prognosa!G41 -> 116550000 | AF40: =AE40-N40 -> 0 | AG40: 0 | AP40: ='data Prognosa rutin'!U40 -> 116550000 | AQ40: ='data Prognosa rutin'!V40 -> 0.52405659
E41: Jumlah | F41: =SUM(F36:F40) -> 1.9664105e+09 | G41: =SUM(G36:G40) -> 5146000 | H41: =SUM(H36:H40) -> 31013700 | I41: =SUM(I36:I40) -> 42202260 | J41: =SUM(J36:J40) -> 11603500 | K41: =SUM(K36:K40) -> 22112500 | L41: =SUM(L36:L40) -> 26265000 | M41: =SUM(M36:M40) -> 432278703 | ... U41: =SUM(U36:U40) -> 2.0864213e+09 | V41: =U41/F41 -> 1.0610304 | AE41: =SUM(AE36:AE40) -> 1588897018 | AF41: =SUM(AF36:AF40) -> 1018275355 | AG41: 1.6450337e+08 | AP41: =SUM(AP36:AP40) -> 1.9623079e+09 | AQ41: =AP41/AA41 -> #DIV/0!
AF42: =N42-AE42 -> 0 | AG42: 0
B43: 6 | C43: KMP. DOLOSI | D43: 1 | E43: Bahan Pelumas | F43: =[2]REKAP!$F$39 -> 2.4626268e+08 | I43: =[5]DOLOSI!$E$53 -> 15900000 | K43: =[6]DOLOSI!$E$53 -> 16300000 | M43: =[23]DOLOSI!$E$53 -> 23210000 | N43: =SUM(G43:M43) -> 55410000 | O43: =F43/12 -> 20521890 | P43: =O43 -> 20521890 | Q43: =P43 -> 20521890 | R43: =Q43 -> 20521890 | S43: =R43 -> 20521890 | T43: =SUM(O43:S43) -> 1.0260945e+08 | U43: =T43+N43 -> 1.5801945e+08 | V43: =U43/F43 -> 0.64167031 | AE43: =[8]Prognosa!G44 -> 70508220 | AF43: =AE43-N43 -> 15098220 | AG43: 18774450 | AI43: April | AJ43: Mei | AK43: Juni | AL43: Juli | AP43: ='data Prognosa rutin'!U43 -> 1.7311767e+08 | AQ43: ='data Prognosa rutin'!V43 -> 0.70297972
D44: 2 | E44: Kapal RO-RO/Penyeberangan | F44: 876755778 | H44: =[24]DOLOSI!E62 -> 26400000 | I44: =[5]DOLOSI!E60 -> 360403461 | N44: =SUM(G44:M44) -> 386803461 | O44: 25540000 | R44: 23400000 | T44: =SUM(O44:S44) -> 48940000 | U44: =T44+N44 -> 435743461 | V44: =U44/F44 -> 0.49699525 | AE44: =[8]Prognosa!G45 -> 653548850 | AF44: =AE44-N44 -> 266745389 | AG44: -334025189 | AI44: 28744815 | AJ44: 21600000 | AK44: 32400000 | AL44: 45040000 | AM44: =SUM(AI44:AL44) -> 127784815 | AN44: =SUM(AJ44:AL44) -> 99040000 | AP44: ='data Prognosa rutin'!U44 -> 653548850 | AQ44: ='data Prognosa rutin'!V44 -> 0.74541721
D45: 3 | E45: Akomodasi, Peralatan, dan Perlengkapan Kapal | F45: 299803810 | G45: =[9]DOLOSI!$E$61 -> 3105500 | H45: =[24]DOLOSI!E63 -> 15822500 | I45: =[5]DOLOSI!E61 -> 121596250 | J45: =[11]DOLOSI!$E$61 -> 62191500 | K45: =[6]DOLOSI!$E$61 -> 3352500 | M45: =[23]DOLOSI!$E$62 -> 7376500 | N45: =SUM(G45:M45) -> 213444750 | O45: ='[13]Non Outstanding (Belum Fidias)'!$E$10+'[13]Non Outstanding (Belum Fidias)'!$E$11 -> 15750000 | P45: ='[13]Hutang 2022'!$J$22 -> 54062113 | S45: ='[13]Hutang 2022'!$J$29 -> 99090000 | T45: =SUM(O45:S45) -> 168902113 | U45: =T45+N45 -> 382346863 | V45: =U45/F45 -> 1.2753236 | AE45: =[8]Prognosa!G46 -> 213177250 | AF45: =AE45-N45 -> -267500 | AG45: -28336365 | AI45: 0 | AJ45: 0 | AK45: 0 | AL45: 0 | AM45: =SUM(AI45:AL45) -> 0 | AP45: ='data Prognosa rutin'!U45 -> 3.380955e+08 | AQ45: ='data Prognosa rutin'!V45 -> 1.1277225
D46: 4 | E46: Permesinan dan Kelistrikan Kapal | F46: 338927600 | G46: =[9]DOLOSI!$E$62 -> 2570000 | H46: =[24]DOLOSI!E64 -> 82247200 | I46: =[5]DOLOSI!E62 -> 89905000 | J46: =[11]DOLOSI!$E$62 -> 1857000 | K46: =[6]DOLOSI!$E$62 -> 3168000 | L46: =[12]DOLOSI!$E$63 -> 17500000 | M46: =[23]DOLOSI!$E$63 -> 19687500 | N46: =SUM(G46:M46) -> 216934700 | O46: ='[13]Non Outstanding (Belum Fidias)'!$E$14+'[13]Non Outstanding (Belum Fidias)'!$E$15+'[13]Non Outstanding (Belum Fidias)'!$E$16+'[13]Outstanding V1 (SPI)'!$E$36 -> 88056265 | P46: ='[13]Outstanding V1 (SPI)'!$E$18+'[13]Hutang 2022'!$J$54 -> 40526200 | Q46: ='[13]Hutang 2022'!$J$41+'[13]Hutang 2022'!$J$52 -> 75459000 | R46: ='[13]Outstanding V1 (SPI)'!$E$24+'[13]Hutang 2022'!$J$53 -> 51170000 | S46: 43500000 | T46: =SUM(O46:S46) -> 298711465 | U46: =T46+N46 -> 515646165 | V46: =U46/F46 -> 1.5214051 | AE46: =[8]Prognosa!G47 -> 232968700 | AF46: =AE46-N46 -> 16034000 | AG46: -2.043264e+08 | AI46: 15583450 | AJ46: 4572000 | AK46: 65747000 | AL46: 37969019 | AM46: =SUM(AI46:AL46) -> 1.2387147e+08 | AN46: =SUM(AJ46:AL46) -> 1.0828802e+08 | AP46: ='data Prognosa rutin'!U46 -> 3.7418853e+08 | AQ46: ='data Prognosa rutin'!V46 -> 1.1040368
D47: 5 | E47: Mobilisasi Dlm rangka Docking | F47: 189877700 | G47: 127080222 | N47: =SUM(G47:M47) -> 127080222 | T47: =SUM(O47:S47) -> 0 | U47: =T47+N47 -> 127080222 | V47: =U47/F47 -> 0.66927407 | AE47: =[8]Prognosa!G48 -> 20548000 | AF47: =AE47-N47 -> -106532222 | AG47: -394148000 | AI47: 68002600 | AJ47: 32028000 | AK47: 22585500 | AL47: 73692000 | AM47: =SUM(AI47:AL47) -> 196308100 | AN47: =SUM(AJ47:AL47) -> 128305500 | AP47: ='data Prognosa rutin'!U47 -> 20548000 | AQ47: ='data Prognosa rutin'!V47 -> 0.10821703
E48: Jumlah | F48: =SUM(F43:F47) -> 1.9516276e+09 | G48: =SUM(G43:G47) -> 132755722 | H48: =SUM(H43:H47) -> 124469700 | I48: =SUM(I43:I47) -> 587804711 | J48: =SUM(J43:J47) -> 64048500 | K48: =SUM(K43:K47) -> 22820500 | L48: =SUM(L43:L47) -> 17500000 | M48: =SUM(M43:M47) -> 50274000 | ... U48: =SUM(U43:U47) -> 1.6188362e+09 | V48: =U48/F48 -> 0.82948007 | AE48: =SUM(AE43:AE47) -> 1190751020 | AF48: =SUM(AF43:AF47) -> 191077887 | AG48: -9.420615e+08 | AI48: 0 | AK48: 0 | AM48: =SUM(AI48:AL48) -> 0 | AP48: =SUM(AP43:AP47) -> 1.5594986e+09 | AQ48: =AP48/AA48 -> #DIV/0!
C52: GABUNGAN KAPAL | D52: 1 | E52: Bahan Pelumas | F52: =F8+F15+F22+F29+F36+F43 -> 1.5394e+09 | G52: =G8+G15+G22+G29+G36+G43 -> 0 | H52: =H8+H15+H22+H29+H36+H43 -> 0 | I52: =I8+I15+I22+I29+I36+I43 -> 183547040 | J52: =J8+J15+J22+J29+J36+J43 -> 0 | K52: =K8+K15+K22+K29+K36+K43 -> 118530000 | L52: =L8+L15+L22+L29+L36+L43 -> 0 | M52: =M8+M15+M22+M29+M36+M43 -> 95320000 | N52: =SUM(G52:M52) -> 397397040 | O52: =O8+O15+O22+O29+O36+O43 -> 1.2828333e+08 | P52: =P8+P15+P22+P29+P36+P43 -> 1.2828333e+08 | Q52: =Q8+Q15+Q22+Q29+Q36+Q43 -> 1.2828333e+08 | R52: =R8+R15+R22+R29+R36+R43 -> 1.2828333e+08 | S52: =S8+S15+S22+S29+S36+S43 -> 1.2828333e+08 | T52: =T8+T15+T22+T29+T36+T43 -> 6.4141667e+08 | U52: =U8+U15+U22+U29+U36+U43 -> 1.0388137e+09 | V52: =U52/F52 -> 0.67481727 | AE52: =AE8+AE15+AE22+AE29+AE36+AE43 -> 495286360 | AP52: ='data Prognosa rutin'!U52 -> 1.136703e+09
C53: LUWUK | D53: 2 | E53: Kapal RO-RO/Penyeberangan | F53: =F9+F16+F23+F30+F37+F44 -> 5267963053 | G53: =G9+G16+G23+G30+G37+G44 -> 0 | H53: =H9+H16+H23+H30+H37+H44 -> 231705375 | I53: =I9+I16+I23+I30+I37+I44 -> 709913461 | J53: =J9+J16+J23+J30+J37+J44 -> 5094100 | K53: =K9+K16+K23+K30+K37+K44 -> 381380000 | L53: =L9+L16+L23+L30+L37+L44 -> 400314250 | M53: =M9+M16+M23+M30+M37+M44 -> 635296703 | N53: =SUM(G53:M53) -> 2363703889 | O53: =O9+O16+O23+O30+O37+O44 -> 987628042 | P53: =P9+P16+P23+P30+P37+P44 -> 1150161443 | Q53: =Q9+Q16+Q23+Q30+Q37+Q44 -> 1.0768671e+09 | R53: =R9+R16+R23+R30+R37+R44 -> 71300000 | S53: =S9+S16+S23+S30+S37+S44 -> 75890000 | T53: =T9+T16+T23+T30+T37+T44 -> 3.3618466e+09 | U53: =U9+U16+U23+U30+U37+U44 -> 5.7255505e+09 | V53: =U53/F53 -> 1.0868623 | AE53: =AE9+AE16+AE23+AE30+AE37+AE44 -> 7091965156 | AP53: ='data Prognosa rutin'!U53 -> 7091965156
D54: 3 | E54: Akomodasi, Peralatan, dan Perlengkapan Kapal | F54: =F10+F17+F24+F31+F38+F45 -> 1674597721 | G54: =G10+G17+G24+G31+G38+G45 -> 46320750 | H54: =H10+H17+H24+H31+H38+H45 -> 136454500 | I54: =I10+I17+I24+I31+I38+I45 -> 239826750 | J54: =J10+J17+J24+J31+J38+J45 -> 307268350 | K54: =K10+K17+K24+K31+K38+K45 -> 162457920 | L54: =L10+L17+L24+L31+L38+L45 -> 55631500 | M54: =M10+M17+M24+M31+M38+M45 -> 195898000 | N54: =SUM(G54:M54) -> 1143857770 | O54: =O10+O17+O24+O31+O38+O45 -> 184700000 | P54: =P10+P17+P24+P31+P38+P45 -> 253417113 | Q54: =Q10+Q17+Q24+Q31+Q38+Q45 -> 1.6828272e+08 | R54: =R10+R17+R24+R31+R38+R45 -> 3.7832456e+08 | S54: =S10+S17+S24+S31+S38+S45 -> 558271350 | T54: =T10+T17+T24+T31+T38+T45 -> 1.5429957e+09 | U54: =U10+U17+U24+U31+U38+U45 -> 2.6868535e+09 | V54: =U54/F54 -> 1.604477 | AE54: =AE10+AE17+AE24+AE31+AE38+AE45 -> 1160880708 | AP54: ='data Prognosa rutin'!U54 -> 1.8586298e+09
D55: 4 | E55: Permesinan dan Kelistrikan Kapal | F55: =F11+F18+F25+F32+F39+F46 -> 1846810500 | G55: =G11+G18+G25+G32+G39+G46 -> 15505000 | H55: =H11+H18+H25+H32+H39+H46 -> 224812430 | I55: =I11+I18+I25+I32+I39+I46 -> 266638578 | J55: =J11+J18+J25+J32+J39+J46 -> 71761200 | K55: =K11+K18+K25+K32+K39+K46 -> 239405900 | L55: =L11+L18+L25+L32+L39+L46 -> 123494362 | M55: =M11+M18+M25+M32+M39+M46 -> 191238000 | N55: =SUM(G55:M55) -> 1132855470 | O55: =O11+O18+O25+O32+O39+O46 -> 279427265 | P55: =P11+P18+P25+P32+P39+P46 -> 257723115 | Q55: =Q11+Q18+Q25+Q32+Q39+Q46 -> 253944968 | R55: =R11+R18+R25+R32+R39+R46 -> 334648456 | S55: =S11+S18+S25+S32+S39+S46 -> 263451731 | T55: =T11+T18+T25+T32+T39+T46 -> 1389195535 | U55: =U11+U18+U25+U32+U39+U46 -> 2522051005 | V55: =U55/F55 -> 1.3656252 | AE55: =AE11+AE18+AE25+AE32+AE39+AE46 -> 1222998640 | AP55: ='data Prognosa rutin'!U55 -> 1992503015
D56: 5 | E56: Mobilisasi Dlm rangka Docking | F56: =F12+F19+F26+F33+F40+F47 -> 923585096 | G56: =G12+G19+G26+G33+G40+G47 -> 127080222 | H56: =H12+H19+H26+H33+H40+H47 -> 0 | I56: =I12+I19+I26+I33+I40+I47 -> 186800000 | J56: =J12+J19+J26+J33+J40+J47 -> 0 | K56: =K12+K19+K26+K33+K40+K47 -> 115495500 | L56: =L12+L19+L26+L33+L40+L47 -> 185948000 | M56: =M12+M19+M26+M33+M40+M47 -> 134986000 | N56: =SUM(G56:M56) -> 750309722 | O56: =O12+O19+O26+O33+O40+O47 -> 0 | P56: =P12+P19+P26+P33+P40+P47 -> 0 | Q56: =Q12+Q19+Q26+Q33+Q40+Q47 -> 0 | R56: =R12+R19+R26+R33+R40+R47 -> 0 | S56: =S12+S19+S26+S33+S40+S47 -> 0 | T56: =T12+T19+T26+T33+T40+T47 -> 0 | U56: =U12+U19+U26+U33+U40+U47 -> 750309722 | V56: =U56/F56 -> 0.8123883 | AE56: =AE12+AE19+AE26+AE33+AE40+AE47 -> 643777500 | AP56: ='data Prognosa rutin'!U56 -> 643777500
E57: Jumlah | F57: =SUM(F52:F56) -> 1.1252356e+10 | G57: =SUM(G52:G56) -> 188905972 | H57: =SUM(H52:H56) -> 592972305 | I57: =SUM(I52:I56) -> 1586725829 | J57: =SUM(J52:J56) -> 384123650 | K57: =SUM(K52:K56) -> 1017269320 | L57: =SUM(L52:L56) -> 765388112 | M57: =SUM(M52:M56) -> 1252738703 | ... U57: =SUM(U52:U56) -> 1.2723578e+10 | V57: =U57/F57 -> 1.1307479 | AE57: =SUM(AE52:AE56) -> 10614908364 | AP57: =SUM(AP52:AP56) -> 1.2723578e+10
N59: ='[25]PENDAPATAN HURAAAAY'!$DG$32 -> 5788123891 | AP59: ='[25]PENDAPATAN HURAAAAY'!$DH$32 -> 6935454565
N61: =N57-N59 -> 0 | AP61: =AP59-T57 -> -0.36444473
N64: 16778318

Sheet data Prognosa rutin real
B2: PT. ASDP INDONESIA FERRY (PERSERO)
B3: TABEL REALISASI BIAYA PERAWATAN KAPAL CABANG TERNATE TAHUN 2025
G5: REALISASI BIAYA JANUARI S/D SEPT 2025 | Q5: ESTIMATE OKT S/D DES 2025
B6: NO | C6: NAMA KAPAL | D6: JENIS BIAYA PEMELIHARAAN | F6: RKA 2025 | G6: JANUARI | H6: FEBRUARI | I6: MARET | J6: APRIL | K6: MEI | L6: JUNI | M6: JULI | N6: AGUS | O6: SEPT | P6: TOTAL REALISASI BIAYA JAN S/D SEPT 2025 | Q6: OKT | R6: NOP | S6: DES | T6: TOTAL ESTIMATE AGUS S/D DES 2025 | U6: PROGNOSA 2025 | V6: PRESENTASE PENYERAPAN RKAC | AE6: REALISASI BIAYA
P7: =SUM(G7:O7) -> 0 | T7: =SUM(N7:S7) -> 0
B8: 1 | C8: KMP. ARIWANGAN | D8: 1 | E8: Bahan Pelumas | F8: 1.0863056e+08 | H8: 6052640 | I8: 6052640 | J8: 6052640 | K8: 6052640 | L8: 6052640 | M8: 12105280 | N8: 6052640 | O8: 6052640 | P8: =SUM(G8:O8) -> 54473760 | Q8: 12589795 | R8: 12589795 | S8: 12589795 | T8: =SUM(Q8:S8) -> 37769385 | U8: =P8+T8 -> 92243145 | V8: =U8/F8 -> 0.84914542 | AE8: =[8]Prognosa!G9 -> 70508220 | AF8: =AE8-#REF! -> #REF! | AG8: 18774450
D9: 2 | E9: Pengangkutan Pelumas | F9: 0 | G9: 0 | P9: =SUM(G9:O9) -> 0 | Q9: 0 | R9: 0 | S9: 0 | T9: =SUM(Q9:S9) -> 0 | U9: =P9+T9 -> 0 | V9: =U9/F9 -> #DIV/0!
D10: 3 | E10: Kapal RO-RO/Penyeberangan | F10: 663765057 | L10: 201057100 | M10: 141414390 | P10: =SUM(G10:O10) -> 342471490 | T10: =SUM(Q10:S10) -> 0 | U10: =P10+T10 -> 342471490 | V10: =U10/F10 -> 0.51595288 | AE10: =[8]Prognosa!G10 -> 801138610 | AF10: =AE10-#REF! -> #REF! | AG10: 45140920
D11: 4 | E11: Akomodasi, Peralatan, dan Perlengkapan Kapal | F11: 3.3276005e+08 | H11: 2530000 | I11: 3385000 | J11: 0 | K11: 81360000 | L11: 125328000 | M11: 30443000 | O11: 4030000 | P11: =SUM(G11:O11) -> 247076000 | Q11: 17045669 | R11: 17045669 | S11: 17045669 | T11: =SUM(Q11:S11) -> 51137007 | U11: =P11+T11 -> 298213007 | V11: =U11/F11 -> 0.89618032 | AE11: =[8]Prognosa!G11 -> 177514920 | AF11: =AE11-#REF! -> #REF! | AG11: -68111800
D12: 5 | E12: Permesinan dan Kelistrikan Kapal | F12: 3.8251609e+08 | H12: 1595000 | I12: 30316250 | J12: 0 | K12: 4606651 | L12: 34105448 | M12: 4661000 | O12: 12370000 | P12: =SUM(G12:O12) -> 87654349 | Q12: 58374029 | R12: 58374029 | S12: 58374029 | T12: =SUM(Q12:S12) -> 175122087 | U12: =P12+T12 -> 262776436 | V12: =U12/F12 -> 0.68696833 | AE12: =[8]Prognosa!G12 -> 179754078 | AF12: =AE12-#REF! -> #REF! | AG12: 68812630
D13: 6 | E13: Mobilisasi Dlm rangka Docking | F13: 97496738 | L13: 6052640 | M13: 73125000 | P13: =SUM(G13:O13) -> 79177640 | T13: =SUM(Q13:S13) -> 0 | U13: =P13+T13 -> 79177640 | V13: =U13/F13 -> 0.81210553 | AE13: =[8]Prognosa!G13 -> 186036000 | AF13: =AE13-#REF! -> #REF! | AG13: 0
D14: 7 | E14: Sertifikasi Alat Produksi dalam Rangka Docking | F14: 88000000 | L14: 23000000 | P14: =SUM(G14:O14) -> 23000000 | Q14: 12350000 | R14: 12350000 | S14: 12350000 | T14: =SUM(Q14:S14) -> 37050000 | U14: =P14+T14 -> 60050000 | V14: =U14/F14 -> 0.68238636
D15: 8 | E15: Fumigasi | F15: 14200000 | O15: =SUM(I15:N15) -> 0 | P15: =SUM(G15:O15) -> 0 | Q15: =SUM(J15:O15) -> 0 | R15: =SUM(K15:Q15) -> 0 | S15: =SUM(L15:R15) -> 0 | T15: =SUM(N15:S15) -> 0 | U15: =P15+T15 -> 0 | V15: =U15/F15 -> 0
E16: Jumlah | F16: =SUM(F8:F15) -> 1.6873685e+09 | G16: =SUM(G8:G15) -> 0 | H16: =SUM(H8:H15) -> 10177640 | I16: =SUM(I8:I15) -> 39753890 | J16: =SUM(J8:J15) -> 6052640 | K16: =SUM(K8:K15) -> 92019291 | L16: =SUM(L8:L15) -> 395595828 | M16: =SUM(M8:M15) -> 261748670 | ... O16: =SUM(O8:O15) -> 22452640 | P16: =SUM(P7:P15) -> 833853239 | Q16: =SUM(Q8:Q15) -> 100359493 | R16: =SUM(R8:R15) -> 100359493 | S16: =SUM(S8:S15) -> 100359493 | T16: =SUM(T8:T15) -> 301078479 | U16: =SUM(U8:U15) -> 1134931718 | V16: =U16/F16 -> 0.67260455 | AE16: =SUM(AE8:AE13) -> 1414951828 | AF16: =SUM(AF8:AF13) -> #REF! | AG16: 64616200
P17: =SUM(G17:O17) -> 0 | T17: =SUM(N17:S17) -> 0 | U17: =P17+T17 -> 0
B18: 2 | C18: KMP. BARONANG | D18: 1 | E18: Bahan Pelumas | F18: 1.8413992e+08 | H18: 12105280 | I18: 12105280 | J18: 12105280 | K18: 12105280 | N18: 12105280 | O18: 12105280 | P18: =SUM(G18:O18) -> 72631680 | Q18: 25786572 | R18: 12105280 | S18: 25786572 | T18: =SUM(Q18:S18) -> 63678424 | U18: =P18+T18 -> 136310104 | V18: =U18/F18 -> 0.74025285 | AE18: =[8]Prognosa!G16 -> 94192480 | AF18: =AE18-#REF! -> #REF! | AG18: -9500390
D19: 2 | E19: Pengangkutan Pelumas | P19: =SUM(G19:O19) -> 0 | T19: =SUM(Q19:S19) -> 0 | U19: =P19+T19 -> 0 | V19: =U19/F19 -> #DIV/0! | AE19: =[8]Prognosa!G17 -> 1661115776 | AF19: =AE19-#REF! -> #REF! | AG19: 724034906
D20: 3 | E20: Kapal RO-RO/Penyeberangan | F20: 1059966677 | M20: 389949175 | P20: =SUM(G20:O20) -> 389949175 | T20: =SUM(Q20:S20) -> 0 | U20: =P20+T20 -> 389949175 | V20: =U20/F20 -> 0.36788815 | AE20: =[8]Prognosa!G18 -> 315266188 | AF20: =AE20-#REF! -> #REF! | AG20: 155929758
D21: 4 | E21: Akomodasi, Peralatan, dan Perlengkapan Kapal | F21: 473299060 | H21: 16740500 | I21: 4472000 | K21: 4321000 | L21: 5927000 | M21: 22823700 | N21: 12030000 | O21: 6645000 | P21: =SUM(G21:O21) -> 72959200 | Q21: 79612823 | R21: 79612823 | S21: 79612823 | T21: =SUM(Q21:S21) -> 238838469 | U21: =P21+T21 -> 311797669 | V21: =U21/F21 -> 0.65877517 | AE21: =[8]Prognosa!G19 -> 220917700 | AF21: =AE21-#REF! -> #REF! | AG21: 15608492
D22: 5 | E22: Permesinan dan Kelistrikan Kapal | F22: 461609908 | H22: 51347000 | I22: 6506000 | K22: 1103000 | L22: 29973154 | M22: 60722400 | N22: 12346000 | O22: 14877000 | P22: =SUM(G22:O22) -> 176874554 | Q22: 59272087 | R22: 59272087 | S22: 59272087 | T22: =SUM(Q22:S22) -> 177816261 | U22: =P22+T22 -> 354690815 | V22: =U22/F22 -> 0.76837782
D23: 6 | E23: Mobilisasi Dlm rangka Docking | F23: 1.3384755e+08 | P23: =SUM(G23:O23) -> 0 | Q23: 25431035 | R23: 25431035 | S23: 25431035 | T23: =SUM(Q23:S23) -> 76293105 | U23: =P23+T23 -> 76293105 | V23: =U23/F23 -> 0.56999999
D24: 7 | E24: Sertifikasi Alat Produksi dalam Rangka Docking | F24: 94050000 | L24: 37101750 | M24: 21274368 | P24: =SUM(G24:O24) -> 58376118 | Q24: 28000000 | T24: =SUM(Q24:S24) -> 28000000 | U24: =P24+T24 -> 86376118 | V24: =U24/F24 -> 0.91840636
D25: 8 | E25: Fumigasi | F25: 24500000 | P25: =SUM(G25:O25) -> 0 | T25: =SUM(N25:S25) -> 0 | U25: =P25+T25 -> 0 | V25: =U25/F25 -> 0 | AE25: =[8]Prognosa!G20 -> 115495500 | AF25: =AE25-#REF! -> #REF! | AG25: 0
E26: Jumlah | F26: =SUM(F18:F25) -> 2.4314131e+09 | G26: =SUM(G18:G25) -> 0 | H26: =SUM(H18:H25) -> 80192780 | I26: =SUM(I18:I25) -> 23083280 | J26: =SUM(J18:J25) -> 12105280 | K26: =SUM(K18:K25) -> 17529280 | L26: =SUM(L18:L25) -> 73001904 | M26: =SUM(M18:M25) -> 494769643 | ... O26: =SUM(O18:O25) -> 33627280 | P26: =SUM(P17:P25) -> 770790727 | Q26: =SUM(Q18:Q25) -> 218102517 | R26: =SUM(R18:R25) -> 176421225 | S26: =SUM(S18:S25) -> 190102517 | T26: =SUM(T18:T25) -> 584626259 | U26: =SUM(U18:U25) -> 1355416986 | V26: =U26/F26 -> 0.55746059 | AE26: =SUM(AE18:AE25) -> 2406987644 | AF26: =SUM(AF18:AF25) -> #REF! | AG26: 8.8607277e+08
P27: =SUM(G27:O27) -> 0 | T27: =SUM(N27:S27) -> 0 | U27: =P27+T27 -> 0
B28: 3 | C28: KMP. BOBARA | D28: 1 | E28: Bahan Pelumas | F28: 184892532 | H28: 6052640 | I28: 6052640 | J28: 12105280 | K28: 6052640 | L28: 12105280 | M28: 18838300 | N28: 12105280 | O28: 12105280 | P28: =SUM(G28:O28) -> 85417340 | Q28: 15786573 | R28: 15786573 | S28: 15786573 | T28: =SUM(Q28:S28) -> 47359718 | U28: =P28+T28 -> 1.3277706e+08 | V28: =U28/F28 -> 0.71813099 | AE28: =[8]Prognosa!G23 -> 69992480 | AF28: =AE28-#REF! -> #REF! | AG28: -24487390
D29: 2 | E29: Pengangkutan Pelumas | P29: =SUM(G29:O29) -> 0 | T29: =SUM(Q29:S29) -> 0 | U29: =P29+T29 -> 0 | V29: =U29/F29 -> #DIV/0!
D30: 3 | E30: Kapal RO-RO/Penyeberangan | F30: 972242586 | H30: 52284055 | P30: =SUM(G30:O30) -> 52284055 | Q30: 919950000 | T30: =SUM(Q30:S30) -> 919950000 | U30: =P30+T30 -> 972234055 | V30: =U30/F30 -> 0.99999123
D31: 4 | E31: Akomodasi, Peralatan, dan Perlengkapan Kapal | F31: 3.8805439e+08 | G31: 0 | H31: 2549000 | I31: 4565000 | J31: 0 | K31: 2604000 | L31: 4790000 | M31: 9936000 | N31: 7945000 | O31: 9042000 | P31: =SUM(G31:O31) -> 41431000 | Q31: =245159100.9+25000000 -> 2.701591e+08 | R31: 29612823 | S31: 29612823 | T31: =SUM(Q31:S31) -> 3.2938475e+08 | U31: =P31+T31 -> 3.7081575e+08 | V31: =U31/F31 -> 0.95557673
D32: 5 | E32: Permesinan dan Kelistrikan Kapal | F32: 433496910 | G32: 12500000 | H32: 25621100 | I32: 16297300 | J32: 0 | K32: 10659625 | L32: 2251000 | M32: 11169400 | N32: 12760000 | O32: 8074000 | P32: =SUM(G32:O32) -> 99332425 | Q32: =317910135.96 -> 3.1791014e+08 | R32: 9272087.3 | S32: 9272087.3 | T32: =SUM(Q32:S32) -> 3.3645431e+08 | U32: =P32+T32 -> 4.3578674e+08 | V32: =U32/F32 -> 1.0052822 | AE32: =[8]Prognosa!G24 -> 1838757695 | AF32: =AE32-#REF! -> #REF! | AG32: 1231310195
D33: 6 | E33: Mobilisasi Dlm rangka Docking | F33: 1.3783177e+08 | K33: 30108750 | P33: =SUM(G33:O33) -> 30108750 | Q33: =F33-K33 -> 1.0772302e+08 | T33: =SUM(Q33:S33) -> 1.0772302e+08 | U33: =P33+T33 -> 1.3783177e+08 | V33: =U33/F33 -> 1 | AE33: =[8]Prognosa!G25 -> 249673250 | AF33: =AE33-#REF! -> #REF! | AG33: -44399420
D34: 7 | E34: Sertifikasi Alat Produksi dalam Rangka Docking | F34: 77550000 | G34: 46065000 | J34: 32345400 | P34: =SUM(G34:O34) -> 78410400 | Q34: 37000000 | T34: =SUM(Q34:S34) -> 37000000 | U34: =P34+T34 -> 115410400 | V34: =U34/F34 -> 1.4882063 | AE34: =[8]Prognosa!G26 -> 297756800 | AF34: =AE34-#REF! -> #REF! | AG34: 58169238
D35: 8 | E35: Fumigasi | F35: 23400000 | P35: =SUM(G35:O35) -> 0 | Q35: =F35 -> 23400000 | T35: =SUM(Q35:S35) -> 23400000 | U35: =P35+T35 -> 23400000 | V35: =U35/F35 -> 1 | AE35: =[8]Prognosa!G27 -> 186800000 | AF35: =AE35-#REF! -> #REF! | AG35: 186800000
E36: Jumlah | F36: =SUM(F28:F35) -> 2.2174682e+09 | G36: =SUM(G28:G35) -> 58565000 | H36: =SUM(H28:H35) -> 86506795 | I36: =SUM(I28:I35) -> 26914940 | J36: =SUM(J28:J35) -> 44450680 | K36: =SUM(K28:K35) -> 49425015 | L36: =SUM(L28:L35) -> 19146280 | M36: =SUM(M28:M35) -> 39943700 | ... O36: =SUM(O28:O35) -> 29221280 | P36: =SUM(P27:P35) -> 386983970 | Q36: =SUM(Q28:Q35) -> 1.6919288e+09 | R36: =SUM(R28:R35) -> 54671483 | S36: =SUM(S28:S35) -> 54671483 | T36: =SUM(T28:T35) -> 1.8012718e+09 | U36: =SUM(U28:U35) -> 2.1882558e+09 | V36: =U36/F36 -> 0.98682623 | AE36: =SUM(AE28:AE35) -> 2642980225 | AF36: =SUM(AF28:AF35) -> #REF! | AG36: 1.4073926e+09
P37: =SUM(G37:O37) -> 0 | T37: =SUM(Q37:S37) -> 0 | U37: =P37+T37 -> 0
B38: 4 | C38: KMP. GORANGO | D38: 1 | E38: Bahan Pelumas | F38: 1.7493442e+08 | H38: 6052640 | I38: 6052640 | J38: 18103580 | K38: 6052640 | L38: 6052640 | M38: 24210560 | N38: 12105280 | O38: 12105280 | P38: =SUM(G38:O38) -> 90735260 | Q38: 21681945 | R38: 21681945 | S38: 21681945 | T38: =SUM(Q38:S38) -> 65045835 | U38: =P38+T38 -> 1.5578109e+08 | V38: =U38/F38 -> 0.89051137 | AE38: =[8]Prognosa!G30 -> 86892480 | AF38: =AE38-#REF! -> #REF! | AG38: 17065710
D39: 2 | E39: Pengangkutan Pelumas | F39: 0 | P39: =SUM(G39:O39) -> 0 | T39: =SUM(Q39:S39) -> 0 | U39: =P39+T39 -> 0 | V39: =U39/F39 -> #DIV/0! | AE39: =[8]Prognosa!G31 -> 884763187 | AF39: =AE39-#REF! -> #REF! | AG39: 169125652
D40: 3 | E40: Kapal RO-RO/Penyeberangan | F40: 879493158 | G40: 414417512 | H40: 372975760 | K40: 481583957 | P40: =SUM(G40:O40) -> 1268977229 | T40: =SUM(Q40:S40) -> 0 | U40: =P40+T40 -> 1268977229 | V40: =U40/F40 -> 1.4428506 | AE40: =[8]Prognosa!G32 -> 169048600 | AF40: =AE40-#REF! -> #REF! | AG40: -4097895
D41: 4 | E41: Akomodasi, Peralatan, dan Perlengkapan Kapal | F41: 4.4252615e+08 | H41: 11480000 | I41: 111902000 | J41: 45972700 | K41: 87292000 | L41: 4555000 | M41: 81958500 | N41: 14721000 | O41: 8634000 | P41: =SUM(G41:O41) -> 366515200 | Q41: 14873190 | R41: 14873190 | S41: 14873190 | T41: =SUM(Q41:S41) -> 44619572 | U41: =P41+T41 -> 4.1113477e+08 | V41: =U41/F41 -> 0.92906322
D42: 5 | E42: Permesinan dan Kelistrikan Kapal | F42: 455879420 | H42: 46027860 | I42: 26658750 | J42: 0 | K42: 98599000 | L42: 14171000 | M42: 65463800 | N42: 23007000 | O42: 17243000 | P42: =SUM(G42:O42) -> 291170410 | Q42: 20991802 | R42: 20991802 | S42: 20991802 | T42: =SUM(Q42:S42) -> 62975406 | U42: =P42+T42 -> 354145816 | V42: =U42/F42 -> 0.77684098
D43: 6 | E43: Mobilisasi Dlm rangka Docking | F43: 1.4189416e+08 | I43: 92500000 | P43: =SUM(G43:O43) -> 92500000 | T43: =SUM(Q43:S43) -> 0 | U43: =P43+T43 -> 92500000 | V43: =U43/F43 -> 0.65189433
D44: 7 | E44: Sertifikasi Alat Produksi dalam Rangka Docking | F44: 68200000 | H44: 30500000 | M44: 110395050 | P44: =SUM(G44:O44) -> 140895050 | T44: =SUM(Q44:S44) -> 0 | U44: =P44+T44 -> 140895050 | V44: =U44/F44 -> 2.0659098 | AE44: =[8]Prognosa!G33 -> 211288362 | AF44: =AE44-#REF! -> #REF! | AG44: -33818077
D45: 8 | E45: Fumigasi | F45: 26900000 | P45: =SUM(G45:O45) -> 0 | T45: =SUM(Q45:S45) -> 0 | U45: =P45+T45 -> 0 | V45: =U45/F45 -> 0 | AE45: =[8]Prognosa!G34 -> 18348000 | AF45: =AE45-#REF! -> #REF! | AG45: -166800000
E46: Jumlah | F46: =SUM(F38:F45) -> 2.1898273e+09 | G46: =SUM(G38:G45) -> 414417512 | H46: =SUM(H38:H45) -> 467036260 | I46: =SUM(I38:I45) -> 237113390 | J46: =SUM(J38:J45) -> 64076280 | K46: =SUM(K38:K45) -> 673527597 | L46: =SUM(L38:L45) -> 24778640 | M46: =SUM(M38:M45) -> 282027910 | ... O46: =SUM(O38:O45) -> 37982280 | P46: =SUM(P37:P45) -> 2250793149 | Q46: =SUM(Q38:Q45) -> 57546937 | R46: =SUM(R38:R45) -> 57546937 | S46: =SUM(S38:S45) -> 57546937 | T46: =SUM(T38:T45) -> 1.7264081e+08 | U46: =SUM(U38:U45) -> 2.423434e+09 | V46: =U46/F46 -> 1.1066781 | AE46: =SUM(AE38:AE45) -> 1370340629 | AF46: =SUM(AF38:AF45) -> #REF! | AG46: -18524610
P47: =SUM(G47:O47) -> 0 | T47: =SUM(Q47:S47) -> 0 | U47: =P47+T47 -> 0
B48: 5 | C48: KMP. KERAPU II | D48: 1 | E48: Bahan Pelumas | F48: 96885654 | H48: 6420000 | I48: 6052640 | J48: 6052640 | K48: 6052640 | L48: 6052640 | M48: 12105280 | N48: 6052640 | O48: 6052640 | P48: =SUM(G48:O48) -> 54841120 | Q48: 10829963 | R48: 10829963 | S48: 10829963 | T48: =SUM(Q48:S48) -> 32489888 | U48: =P48+T48 -> 87331008 | V48: =U48/F48 -> 0.90138225 | AE48: =[8]Prognosa!G37 -> 103192480 | AF48: =AE48-#REF! -> #REF! | AG48: 7602610
D49: 2 | E49: Pengangkutan Pelumas | P49: =SUM(G49:O49) -> 0 | T49: =SUM(Q49:S49) -> 0 | U49: =P49+T49 -> 0 | V49: =U49/F49 -> #DIV/0!
D50: 3 | E50: Kapal RO-RO/Penyeberangan | F50: 832180702 | H50: 32285032 | P50: =SUM(G50:O50) -> 32285032 | Q50: =832180702-50000000 -> 782180702 | T50: =SUM(Q50:S50) -> 782180702 | U50: =P50+T50 -> 814465734 | V50: =U50/F50 -> 0.97871259
D51: 4 | E51: Akomodasi, Peralatan, dan Perlengkapan Kapal | F51: 361231212 | H51: 6872000 | I51: 8305000 | K51: 10810000 | L51: 11500000 | M51: 4914000 | N51: 10784000 | O51: 3641000 | P51: =SUM(G51:O51) -> 56826000 | Q51: 1.8376604e+08 | R51: 23766042 | S51: 23766042 | T51: =SUM(Q51:S51) -> 2.3129813e+08 | U51: =P51+T51 -> 2.8812413e+08 | V51: =U51/F51 -> 0.79761692
D52: 5 | E52: Permesinan dan Kelistrikan Kapal | F52: 296954844 | H52: 54523600 | I52: 19759500 | K52: 8586000 | L52: 10528600 | M52: 13726600 | N52: 9880000 | O52: 12402000 | P52: =SUM(G52:O52) -> 129406300 | Q52: 17966109 | R52: =17966108.8+40000000 -> 57966109 | S52: 17966109 | T52: =SUM(Q52:S52) -> 93898326 | U52: =P52+T52 -> 2.2330463e+08 | V52: =U52/F52 -> 0.75198176 | AE52: =[8]Prognosa!G38 -> 1252641038 | AF52: =AE52-#REF! -> #REF! | AG52: 6.3477574e+08
D53: 6 | E53: Mobilisasi Dlm rangka Docking | F53: 1.1496116e+08 | P53: =SUM(G53:O53) -> 0 | Q53: =F53 -> 1.1496116e+08 | T53: =SUM(Q53:S53) -> 1.1496116e+08 | U53: =P53+T53 -> 1.1496116e+08 | V53: =U53/F53 -> 1 | AE53: =[8]Prognosa!G39 -> 36200500 | AF53: =AE53-#REF! -> #REF! | AG53: -86896650
D54: 7 | E54: Sertifikasi Alat Produksi dalam Rangka Docking | F54: 88550000 | G54: 25000000 | J54: 97752150 | P54: =SUM(G54:O54) -> 122752150 | Q54: 38550000 | T54: =SUM(Q54:S54) -> 38550000 | U54: =P54+T54 -> 161302150 | V54: =U54/F54 -> 1.821594 | AE54: =[8]Prognosa!G40 -> 80313000 | AF54: =AE54-#REF! -> #REF! | AG54: -35307098
D55: 8 | E55: Fumigasi | F55: 15150000 | P55: =SUM(G55:O55) -> 0 | Q55: =F55 -> 15150000 | T55: =SUM(Q55:S55) -> 15150000 | U55: =P55+T55 -> 15150000 | V55: =U55/F55 -> 1 | AE55: =[8]Prognosa!G41 -> 116550000 | AF55: =AE55-#REF! -> #REF! | AG55: 0
E56: Jumlah | F56: =SUM(F48:F55) -> 1.8059136e+09 | G56: =SUM(G48:G55) -> 25000000 | H56: =SUM(H48:H55) -> 100100632 | I56: =SUM(I48:I55) -> 34117140 | J56: =SUM(J48:J55) -> 103804790 | K56: =SUM(K48:K55) -> 25448640 | L56: =SUM(L48:L55) -> 28081240 | M56: =SUM(M48:M55) -> 30745880 | ... O56: =SUM(O48:O55) -> 22095640 | P56: =SUM(P47:P55) -> 396110602 | Q56: =SUM(Q48:Q55) -> 1.163404e+09 | R56: =SUM(R48:R55) -> 92562114 | S56: =SUM(S48:S55) -> 52562114 | T56: =SUM(T48:T55) -> 1.3085282e+09 | U56: =SUM(U48:U55) -> 1.7046388e+09 | V56: =U56/F56 -> 0.94392048 | AE56: =SUM(AE48:AE55) -> 1588897018 | AF56: =SUM(AF48:AF55) -> #REF! | AG56: 1.6450337e+08
P57: =SUM(G57:O57) -> 0 | T57: =SUM(Q57:S57) -> 0 | U57: =P57+T57 -> 0
B58: 6 | C58: KMP. LOMPA | D58: 1 | E58: Bahan Pelumas | F58: 1.7418061e+08 | H58: 32100000 | I58: 36261500 | J58: 36207160 | K58: 30263200 | L58: 30263200 | M58: 60526400 | N58: 12105280 | P58: =SUM(G58:O58) -> 237726740 | Q58: 24511500 | R58: 24511500 | S58: 24511500 | T58: =SUM(Q58:S58) -> 73534500 | U58: =P58+T58 -> 311261240 | V58: =U58/F58 -> 1.7870028 | AE58: =[8]Prognosa!G45 -> 653548850 | AF58: =AE58-#REF! -> #REF! | AG58: 7602610 | AO58: RAB pelumas subsidi 30.265000000
D59: 2 | E59: Pengangkutan Pelumas | F59: 0 | P59: =SUM(G59:O59) -> 0 | T59: =SUM(Q59:S59) -> 0 | U59: =P59+T59 -> 0 | V59: =U59/F59 -> #DIV/0! | AE59: =[8]Prognosa!G46 -> 213177250 | AF59: =AE59-#REF! -> #REF! | AG59: 6.3477574e+08
D60: 3 | E60: Kapal RO-RO/Penyeberangan | F60: 921672938 | O60: 559274150 | P60: =SUM(G60:O60) -> 559274150 | T60: =SUM(Q60:S60) -> 0 | U60: =P60+T60 -> 559274150 | V60: =U60/F60 -> 0.60680327 | AE60: =[8]Prognosa!G47 -> 232968700 | AF60: =AE60-#REF! -> #REF! | AG60: -86896650
D61: 4 | E61: Akomodasi, Peralatan, dan Perlengkapan Kapal | F61: 435061594 | G61: 11000000 | H61: 30443000 | I61: 9253000 | K61: 6899000 | L61: 12957000 | M61: 14594000 | N61: 9699000 | O61: 197950200 | P61: =SUM(G61:O61) -> 292795200 | Q61: 29983119 | R61: 29983119 | S61: 29983119 | T61: =SUM(Q61:S61) -> 89949356 | U61: =P61+T61 -> 3.8274456e+08 | V61: =U61/F61 -> 0.87974798
D62: 5 | E62: Permesinan dan Kelistrikan Kapal | F62: 412269212 | H62: 38161310 | I62: 28798600 | K62: 8940000 | L62: 51771000 | M62: 13917400 | N62: 8850000 | O62: 104617890 | P62: =SUM(G62:O62) -> 255056200 | Q62: 14136180 | R62: 14136180 | S62: 14136180 | T62: =SUM(Q62:S62) -> 42408541 | U62: =P62+T62 -> 2.9746474e+08 | V62: =U62/F62 -> 0.72153033
D63: 6 | E63: Mobilisasi Dlm rangka Docking | F63: 2.2019346e+08 | O63: 340791756 | P63: =SUM(G63:O63) -> 340791756 | T63: =SUM(Q63:S63) -> 0 | U63: =P63+T63 -> 340791756 | V63: =U63/F63 -> 1.5476925
D64: 7 | E64: Sertifikasi Alat Produksi dalam Rangka Docking | F64: 85250000 | G64: 17649000 | J64: 68301630 | O64: 69500000 | P64: =SUM(G64:O64) -> 155450630 | T64: =SUM(Q64:S64) -> 0 | U64: =P64+T64 -> 155450630 | V64: =U64/F64 -> 1.8234678 | AE64: =[8]Prognosa!G48 -> 20548000 | AF64: =AE64-#REF! -> #REF! | AG64: -35307098
D65: 8 | E65: Fumigasi | F65: 24900000 | O65: 0 | P65: =SUM(G65:O65) -> 0 | T65: =SUM(Q65:S65) -> 0 | U65: =P65+T65 -> 0 | V65: =U65/F65 -> 0 | AE65: =[8]Prognosa!G49 -> 0 | AF65: =AE65-#REF! -> #REF! | AG65: 0
E66: Jumlah | F66: =SUM(F58:F65) -> 2.2735278e+09 | G66: =SUM(G58:G65) -> 28649000 | H66: =SUM(H58:H65) -> 100704310 | I66: =SUM(I58:I65) -> 74313100 | J66: =SUM(J58:J65) -> 104508790 | K66: =SUM(K58:K65) -> 46102200 | L66: =SUM(L58:L65) -> 94991200 | M66: =SUM(M58:M65) -> 89037800 | ... O66: =SUM(O58:O65) -> 1272133996 | P66: =SUM(P57:P65) -> 1841094676 | Q66: =SUM(Q58:Q65) -> 68630799 | R66: =SUM(R58:R65) -> 68630799 | S66: =SUM(S58:S65) -> 68630799 | T66: =SUM(T58:T65) -> 2.058924e+08 | U66: =SUM(U58:U65) -> 2.0469871e+09 | V66: =U66/F66 -> 0.90035717 | AE66: =SUM(AE58:AE65) -> 1120242800 | AF66: =SUM(AF58:AF65) -> #REF! | AG66: 1.6450337e+08
P67: =SUM(G67:O67) -> 0 | T67: =SUM(Q67:S67) -> 0 | U67: =P67+T67 -> 0
B68: 7 | C68: KMP. MAMING | D68: 1 | E68: Bahan Pelumas | F68: 189001140 | L68: 12105280 | M68: 12105280 | N68: 12105280 | O68: 0 | P68: =SUM(G68:O68) -> 36315840 | Q68: 12105280 | R68: 30958116 | S68: 12105280 | T68: =SUM(Q68:S68) -> 55168676 | U68: =P68+T68 -> 91484516 | V68: =U68/F68 -> 0.48404214 | AE68: =[8]Prognosa!G53 -> 0 | AF68: =AE68-#REF! -> #REF! | AG68: 7602610
D69: 2 | E69: Pengangkutan Pelumas | P69: =SUM(G69:O69) -> 0 | T69: =SUM(Q69:S69) -> 0 | U69: =P69+T69 -> 0 | V69: =U69/F69 -> #DIV/0! | AE69: =[8]Prognosa!G54 -> 0 | AF69: =AE69-#REF! -> #REF! | AG69: 6.3477574e+08
D70: 3 | E70: Kapal RO-RO/Penyeberangan | F70: 1002326052 | H70: 64256388 | P70: =SUM(G70:O70) -> 64256388 | Q70: =1002326052*90% -> 9.0209345e+08 | T70: =SUM(Q70:S70) -> 9.0209345e+08 | U70: =P70+T70 -> 9.6634983e+08 | V70: =U70/F70 -> 0.96410727 | AE70: =[8]Prognosa!G55 -> 0 | AF70: =AE70-#REF! -> #REF! | AG70: -86896650
D71: 4 | E71: Akomodasi, Peralatan, dan Perlengkapan Kapal | F71: 4.2545475e+08 | H71: 61018200 | I71: 8299000 | J71: 0 | K71: 4997000 | L71: 13182000 | M71: 15724000 | N71: 8590000 | O71: 0 | P71: =SUM(G71:O71) -> 111810200 | Q71: 2.2444691e+08 | R71: 18446911 | S71: 18446911 | T71: =SUM(Q71:S71) -> 2.6134073e+08 | U71: =P71+T71 -> 3.7315093e+08 | V71: =U71/F71 -> 0.87706373
D72: 5 | E72: Permesinan dan Kelistrikan Kapal | F72: 465835904 | H72: 26585000 | I72: 38485300 | J72: 1680000 | K72: 1335000 | L72: 84897000 | M72: 19201100 | N72: 12150000 | O72: 0 | P72: =SUM(G72:O72) -> 184333400 | Q72: 2.187305e+08 | R72: 15730501 | S72: 15730501 | T72: =SUM(Q72:S72) -> 2.501915e+08 | U72: =P72+T72 -> 4.345249e+08 | V72: =U72/F72 -> 0.93278534
D73: 6 | E73: Mobilisasi Dlm rangka Docking | F73: 2.1983059e+08 | P73: =SUM(G73:O73) -> 0 | Q73: 168000000 | T73: =SUM(Q73:S73) -> 168000000 | U73: =P73+T73 -> 168000000 | V73: =U73/F73 -> 0.76422487
D74: 7 | E74: Sertifikasi Alat Produksi dalam Rangka Docking | F74: 87450000 | H74: 42069000 | J74: 99401055 | K74: 15401250 | L74: 55500000 | P74: =SUM(G74:O74) -> 212371305 | Q74: 37450000 | T74: =SUM(Q74:S74) -> 37450000 | U74: =P74+T74 -> 249821305 | V74: =U74/F74 -> 2.856733 | AE74: =[8]Prognosa!G56 -> 0 | AF74: =AE74-#REF! -> #REF! | AG74: -35307098
D75: 8 | E75: Fumigasi | F75: 28750000 | P75: =SUM(G75:O75) -> 0 | Q75: 28750000 | T75: =SUM(Q75:S75) -> 28750000 | U75: =P75+T75 -> 28750000 | V75: =U75/F75 -> 1 | AE75: =[8]Prognosa!G57 -> 0 | AF75: =AE75-#REF! -> #REF! | AG75: 0
E76: Jumlah | F76: =SUM(F68:F75) -> 2.4186484e+09 | G76: =SUM(G68:G75) -> 0 | H76: =SUM(H68:H75) -> 193928588 | I76: =SUM(I68:I75) -> 46784300 | J76: =SUM(J68:J75) -> 101081055 | K76: =SUM(K68:K75) -> 21733250 | L76: =SUM(L68:L75) -> 165684280 | M76: =SUM(M68:M75) -> 47030380 | ... O76: =SUM(O68:O75) -> 0 | P76: =SUM(P67:P75) -> 609087133 | Q76: =SUM(Q68:Q75) -> 1.5915761e+09 | R76: =SUM(R68:R75) -> 65135527 | S76: =SUM(S68:S75) -> 46282691 | T76: =SUM(T68:T75) -> 1.7029944e+09 | U76: =SUM(U68:U75) -> 2.3120815e+09 | V76: =U76/F76 -> 0.95593946 | AE76: =SUM(AE68:AE75) -> 0 | AF76: =SUM(AF68:AF75) -> #REF! | AG76: 1.6450337e+08
P77: =SUM(G77:O77) -> 0 | T77: =SUM(Q77:S77) -> 0 | U77: =P77+T77 -> 0
B78: 8 | C78: KMP. NGAFI | D78: 1 | E78: Bahan Pelumas | F78: 1.4247081e+08 | H78: 19260000 | I78: 18157920 | J78: 18103580 | K78: 18157920 | L78: 18157920 | M78: 36315840 | N78: 18157920 | O78: 18157920 | P78: =SUM(G78:O78) -> 164469020 | Q78: 18157920 | R78: 18157920 | S78: 18157920 | T78: =SUM(Q78:S78) -> 54473760 | U78: =P78+T78 -> 218942780 | V78: =U78/F78 -> 1.5367554 | AE78: =[8]Prognosa!G61 -> 0 | AF78: =AE78-#REF! -> #REF! | AG78: 7602610
D79: 2 | E79: Pengangkutan Pelumas | P79: =SUM(G79:O79) -> 0 | T79: =SUM(Q79:S79) -> 0 | U79: =P79+T79 -> 0 | V79: =U79/F79 -> #DIV/0! | AE79: =[8]Prognosa!G62 -> 0 | AF79: =AE79-#REF! -> #REF! | AG79: 6.3477574e+08
D80: 3 | E80: Kapal RO-RO/Penyeberangan | F80: 8.9361792e+08 | O80: 541639300 | P80: =SUM(G80:O80) -> 541639300 | T80: =SUM(Q80:S80) -> 0 | U80: =P80+T80 -> 541639300 | V80: =U80/F80 -> 0.60611956 | AE80: =[8]Prognosa!G63 -> 0 | AF80: =AE80-#REF! -> #REF! | AG80: -86896650
D81: 4 | E81: Akomodasi, Peralatan, dan Perlengkapan Kapal | F81: 358126315 | G81: 0 | H81: 11129000 | I81: 7883000 | J81: 0 | K81: 4092000 | L81: 17726000 | M81: 8109000 | N81: 4895000 | O81: 132978500 | P81: =SUM(G81:O81) -> 186812500 | Q81: 13000000 | R81: 13000000 | S81: 13000000 | T81: =SUM(Q81:S81) -> 39000000 | U81: =P81+T81 -> 225812500 | V81: =U81/F81 -> 0.6305387
D82: 5 | E82: Permesinan dan Kelistrikan Kapal | F82: 419962216 | G82: 47150000 | H82: 8686500 | I82: 13125000 | J82: 0 | K82: 7803144 | L82: 10309000 | M82: 21457800 | N82: 10775000 | O82: 10880000 | P82: =SUM(G82:O82) -> 130186444 | Q82: 12183911 | R82: 12183911 | S82: 12183911 | T82: =SUM(Q82:S82) -> 36551734 | U82: =P82+T82 -> 1.6673818e+08 | V82: =U82/F82 -> 0.39703138
D83: 6 | E83: Mobilisasi Dlm rangka Docking | F83: 1.8915196e+08 | O83: 204709840 | P83: =SUM(G83:O83) -> 204709840 | T83: =SUM(Q83:S83) -> 0 | U83: =P83+T83 -> 204709840 | V83: =U83/F83 -> 1.0822507
D84: 7 | E84: Sertifikasi Alat Produksi dalam Rangka Docking | F84: 83600000 | J84: 30108750 | O84: 63825000 | P84: =SUM(G84:O84) -> 93933750 | T84: =SUM(Q84:S84) -> 0 | U84: =P84+T84 -> 93933750 | V84: =U84/F84 -> 1.1236094 | AE84: =[8]Prognosa!G64 -> 0 | AF84: =AE84-#REF! -> #REF! | AG84: -35307098
D85: 8 | E85: Fumigasi | F85: 22450000 | P85: =SUM(G85:O85) -> 0 | T85: =SUM(Q85:S85) -> 0 | U85: =P85+T85 -> 0 | V85: =U85/F85 -> 0 | AE85: =[8]Prognosa!G65 -> 0 | AF85: =AE85-#REF! -> #REF! | AG85: 0
E86: Jumlah | F86: =SUM(F78:F85) -> 2.1093792e+09 | G86: =SUM(G78:G85) -> 47150000 | H86: =SUM(H78:H85) -> 39075500 | I86: =SUM(I78:I85) -> 39165920 | J86: =SUM(J78:J85) -> 48212330 | K86: =SUM(K78:K85) -> 30053064 | L86: =SUM(L78:L85) -> 46192920 | M86: =SUM(M78:M85) -> 65882640 | ... O86: =SUM(O78:O85) -> 972190560 | P86: =SUM(P77:P85) -> 1321750854 | Q86: =SUM(Q78:Q85) -> 43341831 | R86: =SUM(R78:R85) -> 43341831 | S86: =SUM(S78:S85) -> 43341831 | T86: =SUM(T78:T85) -> 1.3002549e+08 | U86: =SUM(U78:U85) -> 1.4517763e+09 | V86: =U86/F86 -> 0.68824815 | AE86: =SUM(AE78:AE85) -> 0 | AF86: =SUM(AF78:AF85) -> #REF! | AG86: 1.6450337e+08
P87: =SUM(G87:O87) -> 0 | T87: =SUM(Q87:S87) -> 0 | U87: =P87+T87 -> 0
B88: 9 | C88: KMP. PORTLINK VIII | D88: 1 | E88: Bahan Pelumas | F88: 3.2555724e+08 | H88: 6420000 | I88: 5178639 | J88: 7366668 | K88: 7918669 | L88: 7497405 | M88: 7918669 | N88: 7918669 | O88: 7918669 | P88: =SUM(G88:O88) -> 58137388 | Q88: 21479609 | R88: 21479609 | S88: 21479609 | T88: =SUM(Q88:S88) -> 64438827 | U88: =P88+T88 -> 122576215 | V88: =U88/F88 -> 0.37651202 | AE88: =[8]Prognosa!G69 -> 0 | AF88: =AE88-#REF! -> #REF! | AG88: 7602610
D89: 2 | E89: Pengangkutan Pelumas | P89: =SUM(G89:O89) -> 0 | T89: =SUM(Q89:S89) -> 0 | U89: =P89+T89 -> 0 | V89: =U89/F89 -> #DIV/0! | AE89: =[8]Prognosa!G70 -> 0 | AF89: =AE89-#REF! -> #REF! | AG89: 6.3477574e+08
D90: 3 | E90: Kapal RO-RO/Penyeberangan | F90: 864345312 | G90: 12500000 | H90: 1375000 | P90: =SUM(G90:O90) -> 13875000 | R90: 900470312 | T90: =SUM(Q90:S90) -> 900470312 | U90: =P90+T90 -> 914345312 | V90: =U90/F90 -> 1.0578473 | AE90: =[8]Prognosa!G71 -> 0 | AF90: =AE90-#REF! -> #REF! | AG90: -86896650
D91: 4 | E91: Akomodasi, Peralatan, dan Perlengkapan Kapal | F91: 5.0799255e+08 | H91: 20403000 | I91: 2834175 | J91: 0 | K91: 7975397 | L91: 5689762 | M91: 7840186 | N91: 12252000 | O91: 11635000 | P91: =SUM(G91:O91) -> 68629520 | Q91: 52650005 | R91: 2.5265001e+08 | S91: 52650005 | T91: =SUM(Q91:S91) -> 3.5795002e+08 | U91: =P91+T91 -> 4.2657954e+08 | V91: =U91/F91 -> 0.83973582
D92: 5 | E92: Permesinan dan Kelistrikan Kapal | F92: 495189164 | H92: 29088270 | I92: 8829792 | J92: 23530600 | K92: 4005033 | L92: 6990954 | M92: 3448103 | N92: 8105000 | O92: 12879000 | P92: =SUM(G92:O92) -> 96876752 | Q92: 43859282 | R92: 2.4385928e+08 | S92: 43859282 | T92: =SUM(Q92:S92) -> 3.3157785e+08 | U92: =P92+T92 -> 4.284546e+08 | V92: =U92/F92 -> 0.8652342
D93: 6 | E93: Mobilisasi Dlm rangka Docking | F93: 205215030 | G93: 3454000 | P93: =SUM(G93:O93) -> 3454000 | R93: =F93 -> 205215030 | T93: =SUM(Q93:S93) -> 205215030 | U93: =P93+T93 -> 208669030 | V93: =U93/F93 -> 1.0168311
D94: 7 | E94: Sertifikasi Alat Produksi dalam Rangka Docking | F94: 107250000 | H94: 9157500 | J94: 31527393 | P94: =SUM(G94:O94) -> 40684893 | R94: 66565107 | T94: =SUM(Q94:S94) -> 66565107 | U94: =P94+T94 -> 107250000 | V94: =U94/F94 -> 1 | AE94: =[8]Prognosa!G72 -> 0 | AF94: =AE94-#REF! -> #REF! | AG94: -35307098 | AO94: =F94-U94 -> 0
D95: 8 | E95: Fumigasi | F95: 34650000 | P95: =SUM(G95:O95) -> 0 | R95: 34650000 | T95: =SUM(Q95:S95) -> 34650000 | U95: =P95+T95 -> 34650000 | V95: =U95/F95 -> 1 | AE95: =[8]Prognosa!G73 -> 0 | AF95: =AE95-#REF! -> #REF! | AG95: 0 | AO95: =F95-U95 -> 0
E96: Jumlah | F96: =SUM(F88:F95) -> 2.5401993e+09 | G96: =SUM(G88:G95) -> 15954000 | H96: =SUM(H88:H95) -> 66443770 | I96: =SUM(I88:I95) -> 16842606 | J96: =SUM(J88:J95) -> 62424661 | K96: =SUM(K88:K95) -> 19899099 | L96: =SUM(L88:L95) -> 20178121 | M96: =SUM(M88:M95) -> 19206958 | ... O96: =SUM(O88:O95) -> 32432669 | P96: =SUM(P87:P95) -> 281657553 | Q96: =SUM(Q88:Q95) -> 1.179889e+08 | R96: =SUM(R88:R95) -> 1.7248893e+09 | S96: =SUM(S88:S95) -> 1.179889e+08 | T96: =SUM(T88:T95) -> 1.9608671e+09 | U96: =SUM(U88:U95) -> 2.2425247e+09 | V96: =U96/F96 -> 0.88281447 | AE96: =SUM(AE88:AE95) -> 0 | AF96: =SUM(AF88:AF95) -> #REF! | AG96: 1.6450337e+08
P97: =SUM(G97:O97) -> 0 | T97: =SUM(Q97:S97) -> 0 | U97: =P97+T97 -> 0
B98: 10 | C98: KMP. PULAU SAGORI | D98: 1 | E98: Bahan Pelumas | F98: 1.7235403e+08 | H98: 25680000 | I98: 24210560 | J98: 24156220 | K98: 24210560 | L98: 24210560 | M98: 54419420 | N98: 24210560 | O98: 24210560 | P98: =SUM(G98:O98) -> 225308440 | Q98: 24210560 | R98: 24210560 | S98: 24210560 | T98: =SUM(Q98:S98) -> 72631680 | U98: =P98+T98 -> 297940120 | V98: =U98/F98 -> 1.7286519 | AE98: =[8]Prognosa!G77 -> 0 | AF98: =AE98-#REF! -> #REF! | AG98: 7602610
D99: 2 | E99: Pengangkutan Pelumas | P99: =SUM(G99:O99) -> 0 | T99: =SUM(Q99:S99) -> 0 | U99: =P99+T99 -> 0 | V99: =U99/F99 -> #DIV/0! | AE99: =[8]Prognosa!G78 -> 0 | AF99: =AE99-#REF! -> #REF! | AG99: 6.3477574e+08
D100: 3 | E100: Kapal RO-RO/Penyeberangan | F100: 799203677 | K100: 347350474 | L100: 244143426 | M100: 428806877 | P100: =SUM(G100:O100) -> 1020300777 | T100: =SUM(Q100:S100) -> 0 | U100: =P100+T100 -> 1020300777 | V100: =U100/F100 -> 1.2766468 | AE100: =[8]Prognosa!G79 -> 0 | AF100: =AE100-#REF! -> #REF! | AG100: -86896650
D101: 4 | E101: Akomodasi, Peralatan, dan Perlengkapan Kapal | F101: 401292202 | H101: 2163000 | I101: 8345000 | K101: 78854000 | L101: 84635000 | M101: 10542000 | N101: 9797000 | O101: 6294000 | P101: =SUM(G101:O101) -> 200630000 | Q101: 23350640 | R101: 23350640 | S101: 23350640 | T101: =SUM(Q101:S101) -> 70051921 | U101: =P101+T101 -> 2.7068192e+08 | V101: =U101/F101 -> 0.67452574
D102: 5 | E102: Permesinan dan Kelistrikan Kapal | F102: 431237824 | H102: 4400000 | I102: 169993950 | K102: 31559200 | L102: 0 | M102: 25956300 | N102: 9180000 | O102: 12068000 | P102: =SUM(G102:O102) -> 253157450 | Q102: 39865675 | R102: 39865675 | S102: 39865675 | T102: =SUM(Q102:S102) -> 1.1959702e+08 | U102: =P102+T102 -> 3.7275447e+08 | V102: =U102/F102 -> 0.86438261
...

Sheet Prognosa
B2: PT. ASDP INDONESIA FERRY (PERSERO)
B3: TABEL PENYUSUNAN PROGNOSA RKAC BIAYA PERAWATAN KAPAL CABANG LUWUK TAHUN 2024
B5: NO | C5: NAMA KAPAL | D5: JENIS BIAYA PEMELIHARAAN | F5: RKA 2023 | G5: REALISASI JAN S/D JULI 2023 | H5: ESTIMATE AGUSTUS S/D DES 2023 | I5: PROGNOSA 2023 | J5: DEVIASI PROGNOSA TERHADAP RKAC 2023 | K5: USULAN RKAC 2024 | L5: DEVIASI USULAN RKAC 2024
L6: TERHADAP RKAC 2024 (%) | M6: TERHADAP PROGNOSA
B7: 1 | C7: 2 | D7: 3 | F7: 4 | G7: 5 | H7: 6 | I7: 7 (5 + 6) | J7: 8 (7:4) | K7: 9 | L7: 10 (9:4) | M7: 11 (7:9)
B9: 1 | C9: KMP. MOINIT | D9: 1 | E9: Bahan Pelumas | F9: =[2]REKAP!$F$11 -> 2.6084556e+08 | G9: ='[3]PROGNOSA (2)'!$D$54 -> 70508220 | H9: ='data Prognosa rutin'!T8 -> 1.0868565e+08 | I9: ='data Prognosa rutin'!U8 -> 1.7919387e+08 | J9: =I9/F9 -> 0.68697305 | K9: ='[26]REKAPITULASI KAPAL'!$I$11 -> 2.2353116e+08 | L9: =K9/F9 -> 0.85694831 | M9: =K9/I9 -> 1.2474264
D10: 2 | E10: Kapal RO-RO/Penyeberangan | F10: 994766768 | G10: ='[3]PROGNOSA (2)'!$D$55 -> 801138610 | H10: ='data Prognosa rutin'!T9 -> 0 | I10: ='data Prognosa rutin'!U9 -> 801138610 | J10: =I10/F10 -> 0.80535321 | K10: ='[26]REKAPITULASI KAPAL'!$I$14 -> 7.6053883e+08 | L10: =K10/F10 -> 0.76453985 | M10: =K10/I10 -> 0.94932241
D11: 3 | E11: Akomodasi, Peralatan, dan Perlengkapan Kapal | F11: 294773975 | G11: ='[3]PROGNOSA (2)'!$D$56 -> 177514920 | H11: ='data Prognosa rutin'!T10 -> 1.2282249e+08 | I11: ='data Prognosa rutin'!U10 -> 3.0033741e+08 | J11: =I11/F11 -> 1.0188736 | K11: ='[26]REKAPITULASI KAPAL'!$I$20 -> 435264650 | L11: =K11/F11 -> 1.4766047 | M11: =K11/I11 -> 1.4492522
D12: 4 | E12: Permesinan dan Kelistrikan Kapal | F12: 306018000 | G12: ='[3]PROGNOSA (2)'!$D$57 -> 179754078 | H12: ='data Prognosa rutin'!T11 -> 127507500 | I12: ='data Prognosa rutin'!U11 -> 307261578 | J12: =I12/F12 -> 1.0040637 | K12: ='[26]REKAPITULASI KAPAL'!$I$27 -> 443685430 | L12: =K12/F12 -> 1.4498671 | M12: =K12/I12 -> 1.4439991
D13: 5 | E13: Mobilisasi Dlm rangka Docking | F13: 149477700 | G13: ='[3]PROGNOSA (2)'!$D$53 -> 186036000 | H13: ='data Prognosa rutin'!T12 -> 0 | I13: ='data Prognosa rutin'!U12 -> 186036000 | J13: =I13/F13 -> 1.2445736 | K13: ='[26]REKAPITULASI KAPAL'!$I$33 -> 186400000 | L13: =K13/F13 -> 1.2470088 | M13: =K13/I13 -> 1.0019566 | N13: =#REF!/G13 -> #REF!
E14: Jumlah | F14: =SUM(F9:F13) -> 2.005882e+09 | G14: =SUM(G9:G13) -> 1414951828 | H14: =SUM(H9:H13) -> 3.5901564e+08 | I14: =SUM(I9:I13) -> 1.7739675e+09 | J14: =I14/G14 -> 1.2537299 | K14: =SUM(K9:K13) -> 2.0494201e+09 | L14: =K14/F14 -> 1.0217052 | M14: =K14/I14 -> 1.1552749
B16: 2 | C16: KMP. TUNA TOMINI | D16: 1 | E16: Bahan Pelumas | F16: =[2]REKAP!$F$18 -> 2.6134556e+08 | G16: ='[3]PROGNOSA (2)'!D5 -> 94192480 | H16: ='data Prognosa rutin'!T15 -> 1.0889398e+08 | I16: ='data Prognosa rutin'!U15 -> 2.0308646e+08 | J16: =I16/F16 -> 0.77708022 | K16: ='[26]REKAPITULASI KAPAL'!$G$11 -> 2.0458355e+08 | L16: =K16/F16 -> 0.7828086 | M16: =K16/I16 -> 1.0073717
D17: 2 | E17: Kapal RO-RO/Penyeberangan | F17: =908852460 -> 908852460 | G17: ='[3]PROGNOSA (2)'!D6 -> 1661115776 | H17: ='data Prognosa rutin'!T16 -> 0 | I17: ='data Prognosa rutin'!U16 -> 1661115776 | J17: =I17/F17 -> 1.8277068 | K17: ='[26]REKAPITULASI KAPAL'!$G$14 -> 822284767 | L17: =K17/F17 -> 0.90475055 | M17: =K17/I17 -> 0.49501954
D18: 3 | E18: Akomodasi, Peralatan, dan Perlengkapan Kapal | F18: =278355450 -> 278355450 | G18: ='[3]PROGNOSA (2)'!D7 -> 315266188 | H18: ='data Prognosa rutin'!T17 -> 1.1598144e+08 | I18: ='data Prognosa rutin'!U17 -> 4.3124763e+08 | J18: =I18/F18 -> 1.5492696 | K18: ='[26]REKAPITULASI KAPAL'!$G$20 -> 496122900 | L18: =K18/F18 -> 1.7823359 | M18: =K18/I18 -> 1.1504362
D19: 4 | E19: Permesinan dan Kelistrikan Kapal | F19: =243024000 -> 243024000 | G19: ='[3]PROGNOSA (2)'!D8 -> 220917700 | H19: ='data Prognosa rutin'!T18 -> 101260000 | I19: ='data Prognosa rutin'!U18 -> 322177700 | J19: =I19/F19 -> 1.3257032 | K19: ='[26]REKAPITULASI KAPAL'!$G$27 -> 478047520 | L19: =K19/F19 -> 1.9670795 | M19: =K19/I19 -> 1.4838008
D20: 5 | E20: Mobilisasi Dlm rangka Docking | F20: =109477700 -> 109477700 | G20: ='[3]PROGNOSA (2)'!$D$4 -> 115495500 | H20: ='data Prognosa rutin'!T19 -> 0 | I20: ='data Prognosa rutin'!U19 -> 115495500 | J20: =I20/F20 -> 1.0549683 | K20: ='[26]REKAPITULASI KAPAL'!$G$33 -> 151000000 | L20: =K20/F20 -> 1.3792763 | M20: =K20/I20 -> 1.3074102
E21: Jumlah | F21: =SUM(F16:F20) -> 1.8010552e+09 | G21: =SUM(G16:G20) -> 2406987644 | H21: =SUM(H16:H20) -> 3.2613542e+08 | I21: =SUM(I16:I20) -> 2.7331231e+09 | J21: =I21/G21 -> 1.1354953 | K21: =SUM(K16:K20) -> 2.1520387e+09 | L21: =K21/F21 -> 1.1948766 | M21: =K21/I21 -> 0.78739182
B23: 3 | C23: KMP. CENGKIH AFO | D23: 1 | E23: Bahan Pelumas | F23: =[2]REKAP!$F$25 -> 2.6134556e+08 | G23: ='[3]PROGNOSA (2)'!D29 -> 69992480 | H23: ='data Prognosa rutin'!T22 -> 1.0889398e+08 | I23: ='data Prognosa rutin'!U22 -> 1.7888646e+08 | J23: =I23/F23 -> 0.68448251 | K23: ='[26]REKAPITULASI KAPAL'!$E$11 -> 2.2394111e+08 | L23: =K23/F23 -> 0.85687743 | M23: =K23/I23 -> 1.2518617
D24: 2 | E24: Kapal RO-RO/Penyeberangan | F24: 849098940 | G24: ='[3]PROGNOSA (2)'!D30 -> 1838757695 | H24: ='data Prognosa rutin'!T23 -> 0 | I24: ='data Prognosa rutin'!U23 -> 1838757695 | J24: =I24/F24 -> 2.16554 | K24: ='[26]REKAPITULASI KAPAL'!$E$14 -> 829414900 | L24: =K24/F24 -> 0.97681773 | M24: =K24/I24 -> 0.45107352
D25: 3 | E25: Akomodasi, Peralatan, dan Perlengkapan Kapal | F25: 262104333 | G25: ='[3]PROGNOSA (2)'!D31 -> 249673250 | H25: ='data Prognosa rutin'!T24 -> 1.0921014e+08 | I25: ='data Prognosa rutin'!U24 -> 3.5888339e+08 | J25: =I25/F25 -> 1.3692387 | K25: ='[26]REKAPITULASI KAPAL'!$E$20 -> 507260900 | L25: =K25/F25 -> 1.9353396 | M25: =K25/I25 -> 1.4134421
D26: 4 | E26: Permesinan dan Kelistrikan Kapal | F26: 316778000 | G26: ='[3]PROGNOSA (2)'!D32 -> 297756800 | H26: ='data Prognosa rutin'!T25 -> 1.3199083e+08 | I26: ='data Prognosa rutin'!U25 -> 4.2974763e+08 | J26: =I26/F26 -> 1.3566208 | K26: ='[26]REKAPITULASI KAPAL'!$E$27 -> 4.7731119e+08 | L26: =K26/F26 -> 1.5067687 | M26: =K26/I26 -> 1.1106779
D27: 5 | E27: Mobilisasi Dlm rangka Docking | F27: 126554300 | G27: ='[3]PROGNOSA (2)'!$D$28 -> 186800000 | H27: ='data Prognosa rutin'!T26 -> 0 | I27: ='data Prognosa rutin'!U26 -> 186800000 | J27: =I27/F27 -> 1.4760463 | K27: ='[26]REKAPITULASI KAPAL'!$E$33 -> 189000000 | L27: =K27/F27 -> 1.4934301 | M27: =K27/I27 -> 1.0117773
E28: Jumlah | F28: =SUM(F23:F27) -> 1.8158811e+09 | G28: =SUM(G23:G27) -> 2642980225 | H28: =SUM(H23:H27) -> 3.5009495e+08 | I28: =SUM(I23:I27) -> 2.9930752e+09 | J28: =I28/G28 -> 1.1324622 | K28: =SUM(K23:K27) -> 2.2269281e+09 | L28: =K28/F28 -> 1.2263623 | M28: =K28/I28 -> 0.74402678
B30: 4 | C30: KMP. TANJUNG API | D30: 1 | E30: Bahan Pelumas | F30: =[2]REKAP!$F$32 -> 2.482551e+08 | G30: ='[3]PROGNOSA (2)'!D17 -> 86892480 | H30: ='data Prognosa rutin'!T29 -> 1.0343963e+08 | I30: ='data Prognosa rutin'!U29 -> 1.9033211e+08 | J30: =I30/F30 -> 0.76667953 | K30: ='[26]REKAPITULASI KAPAL'!$H$11 -> 2.1598029e+08 | L30: =K30/F30 -> 0.86999336 | M30: =K30/I30 -> 1.1347549
D31: 2 | E31: Kapal RO-RO/Penyeberangan | F31: 790664322 | G31: ='[3]PROGNOSA (2)'!D18 -> 884763187 | H31: ='data Prognosa rutin'!T30 -> 0 | I31: ='data Prognosa rutin'!U30 -> 884763187 | J31: =I31/F31 -> 1.1190124 | K31: ='[26]REKAPITULASI KAPAL'!$H$14 -> 736184817 | L31: =K31/F31 -> 0.93109654 | M31: =K31/I31 -> 0.8320699
D32: 3 | E32: Akomodasi, Peralatan, dan Perlengkapan Kapal | F32: 224275761 | G32: ='[3]PROGNOSA (2)'!D19 -> 169048600 | H32: ='data Prognosa rutin'!T31 -> 93448234 | I32: ='data Prognosa rutin'!U31 -> 2.6249683e+08 | J32: =I32/F32 -> 1.17042 | K32: ='[26]REKAPITULASI KAPAL'!$H$20 -> 480650200 | L32: =K32/F32 -> 2.1431215 | M32: =K32/I32 -> 1.8310705
D33: 4 | E33: Permesinan dan Kelistrikan Kapal | F33: 322506800 | G33: ='[3]PROGNOSA (2)'!D20 -> 211288362 | H33: ='data Prognosa rutin'!T32 -> 1.3437783e+08 | I33: ='data Prognosa rutin'!U32 -> 3.456662e+08 | J33: =I33/F33 -> 1.0718106 | K33: ='[26]REKAPITULASI KAPAL'!$H$27 -> 450467330 | L33: =K33/F33 -> 1.3967685 | M33: =K33/I33 -> 1.303186
D34: 5 | E34: Mobilisasi Dlm rangka Docking | F34: 125798050 | G34: ='[3]PROGNOSA (2)'!$D$16 -> 18348000 | H34: ='data Prognosa rutin'!T33 -> 0 | I34: ='data Prognosa rutin'!U33 -> 18348000 | J34: =I34/F34 -> 0.14585282 | K34: ='[26]REKAPITULASI KAPAL'!$H$33 -> 1.6270544e+08 | L34: =K34/F34 -> 1.293386 | M34: =K34/I34 -> 8.867748
E35: Jumlah | F35: =SUM(F30:F34) -> 1.7115e+09 | G35: =SUM(G30:G34) -> 1370340629 | H35: =SUM(H30:H34) -> 3.3126569e+08 | I35: =SUM(I30:I34) -> 1.7016063e+09 | J35: =I35/G35 -> 1.2417397 | K35: =SUM(K30:K34) -> 2.0459881e+09 | L35: =K35/F35 -> 1.1954356 | M35: =K35/I35 -> 1.2023863
B37: 5 | C37: KMP. TELUK TOLO | D37: 1 | E37: Bahan Pelumas | F37: =[2]REKAP!$F$46 -> 2.6134556e+08 | G37: ='[3]PROGNOSA (2)'!D42 -> 103192480 | H37: ='data Prognosa rutin'!T36 -> 1.0889398e+08 | I37: ='data Prognosa rutin'!U36 -> 2.1208646e+08 | J37: =I37/F37 -> 0.81151738 | K37: ='[26]REKAPITULASI KAPAL'!$J$11 -> 2.270459e+08 | L37: =K37/F37 -> 0.86875744 | M37: =K37/I37 -> 1.0705346
D38: 2 | E38: Kapal RO-RO/Penyeberangan | F38: 847824785 | G38: ='[3]PROGNOSA (2)'!D43 -> 1252641038 | H38: ='data Prognosa rutin'!T37 -> 0 | I38: ='data Prognosa rutin'!U37 -> 1252641038 | J38: =I38/F38 -> 1.4774763 | K38: ='[26]REKAPITULASI KAPAL'!$J$14 -> 7.4452414e+08 | L38: =K38/F38 -> 0.87815802 | M38: =K38/I38 -> 0.59436352 | P38: =338697163/2 -> 1.6934858e+08
D39: 3 | E39: Akomodasi, Peralatan, dan Perlengkapan Kapal | F39: 315284392 | G39: ='[3]PROGNOSA (2)'!D44 -> 36200500 | H39: ='data Prognosa rutin'!T38 -> 1.313685e+08 | I39: ='data Prognosa rutin'!U38 -> 1.67569e+08 | J39: =I39/F39 -> 0.53148523 | K39: ='[26]REKAPITULASI KAPAL'!$J$20 -> 474731600 | L39: =K39/F39 -> 1.505725 | M39: =K39/I39 -> 2.8330515 | P39: 74453308
D40: 4 | E40: Permesinan dan Kelistrikan Kapal | F40: 319556100 | G40: ='[3]PROGNOSA (2)'!D45 -> 80313000 | H40: ='data Prognosa rutin'!T39 -> 133148375 | I40: ='data Prognosa rutin'!U39 -> 213461375 | J40: =I40/F40 -> 0.66799343 | K40: ='[26]REKAPITULASI KAPAL'!$J$27 -> 406756495 | L40: =K40/F40 -> 1.2728798 | M40: =K40/I40 -> 1.9055274 | P40: 79000000
D41: 5 | E41: Mobilisasi Dlm rangka Docking | F41: 222399646 | G41: ='[3]PROGNOSA (2)'!$D$41 -> 116550000 | H41: ='data Prognosa rutin'!T40 -> 0 | I41: ='data Prognosa rutin'!U40 -> 116550000 | J41: =I41/F41 -> 0.52405659 | K41: ='[26]REKAPITULASI KAPAL'!$J$33 -> 159000000 | L41: =K41/F41 -> 0.7149292 | M41: =K41/I41 -> 1.3642214 | P41: 16175000
E42: Jumlah | F42: =SUM(F37:F41) -> 1.9664105e+09 | G42: =SUM(G37:G41) -> 1588897018 | H42: =SUM(H37:H41) -> 3.7341085e+08 | I42: =SUM(I37:I41) -> 1.9623079e+09 | J42: =I42/G42 -> 1.2350126 | K42: =SUM(K37:K41) -> 2.0120581e+09 | L42: =K42/F42 -> 1.0232137 | M42: =K42/I42 -> 1.0253529 | O42: Kapal Roro | P42: =SUM(P38:P41) -> 3.3897689e+08
O43: BBM | P43: 78642396
B44: 6 | C44: KMP. DOLOSI | D44: 1 | E44: Bahan Pelumas | F44: =[2]REKAP!$F$39 -> 2.4626268e+08 | G44: ='[3]PROGNOSA (2)'!D67 -> 70508220 | H44: ='data Prognosa rutin'!T43 -> 1.0260945e+08 | I44: ='data Prognosa rutin'!U43 -> 1.7311767e+08 | J44: =I44/F44 -> 0.70297972 | K44: ='[26]REKAPITULASI KAPAL'!$F$11 -> 2.319959e+08 | L44: =K44/F44 -> 0.94206682 | M44: =K44/I44 -> 1.3401053 | O44: Deck | P44: 134713425 | R44: April | S44: Mei | T44: Juni | U44: Juli
D45: 2 | E45: Kapal RO-RO/Penyeberangan | F45: 876755778 | G45: ='[3]PROGNOSA (2)'!D68 -> 653548850 | H45: ='data Prognosa rutin'!T44 -> 0 | I45: ='data Prognosa rutin'!U44 -> 653548850 | J45: =I45/F45 -> 0.74541721 | K45: ='[26]REKAPITULASI KAPAL'!$F$14 -> 7.781027e+08 | L45: =K45/F45 -> 0.88747941 | M45: =K45/I45 -> 1.1905808 | O45: Mesin | P45: 99294580 | R45: 28744815 | S45: 21600000 | T45: 32400000 | U45: 45040000 | V45: =SUM(R45:U45) -> 127784815 | W45: =SUM(S45:U45) -> 99040000
D46: 3 | E46: Akomodasi, Peralatan, dan Perlengkapan Kapal | F46: 299803810 | G46: ='[3]PROGNOSA (2)'!D69 -> 213177250 | H46: ='data Prognosa rutin'!T45 -> 1.2491825e+08 | I46: ='data Prognosa rutin'!U45 -> 3.380955e+08 | J46: =I46/F46 -> 1.1277225 | K46: ='[26]REKAPITULASI KAPAL'!$F$20 -> 408619400 | L46: =K46/F46 -> 1.362956 | M46: =K46/I46 -> 1.2085916 | O46: Pelumas | P46: 11594033 | R46: 0 | S46: 0 | T46: 0 | U46: 0 | V46: =SUM(R46:U46) -> 0
D47: 4 | E47: Permesinan dan Kelistrikan Kapal | F47: 338927600 | G47: ='[3]PROGNOSA (2)'!D70 -> 232968700 | H47: ='data Prognosa rutin'!T46 -> 1.4121983e+08 | I47: ='data Prognosa rutin'!U46 -> 3.7418853e+08 | J47: =I47/F47 -> 1.1040368 | K47: ='[26]REKAPITULASI KAPAL'!$F$27 -> 424053070 | L47: =K47/F47 -> 1.2511612 | M47: =K47/I47 -> 1.1332605 | R47: 15583450 | S47: 4572000 | T47: 65747000 | U47: 37969019 | V47: =SUM(R47:U47) -> 1.2387147e+08 | W47: =SUM(S47:U47) -> 1.0828802e+08
D48: 5 | E48: Mobilisasi Dlm rangka Docking | F48: 189877700 | G48: ='[3]PROGNOSA (2)'!$D$66 -> 20548000 | H48: ='data Prognosa rutin'!T47 -> 0 | I48: ='data Prognosa rutin'!U47 -> 20548000 | J48: =I48/F48 -> 0.10821703 | K48: ='[26]REKAPITULASI KAPAL'!$F$33 -> 173000000 | L48: =K48/F48 -> 0.91111278 | M48: =K48/I48 -> 8.4193109 | O48: RKA Mobilisasi Dolosi (Setelah pelunasan docking) | P48: -9658446.2 | R48: 68002600 | S48: 32028000 | T48: 22585500 | U48: 73692000 | V48: =SUM(R48:U48) -> 196308100 | W48: =SUM(S48:U48) -> 128305500
E49: Jumlah | F49: =SUM(F44:F48) -> 1.9516276e+09 | G49: =SUM(G44:G48) -> 1190751020 | H49: =SUM(H44:H48) -> 3.6874754e+08 | I49: =SUM(I44:I48) -> 1.5594986e+09 | J49: =I49/G49 -> 1.3096764 | K49: =SUM(K44:K48) -> 2.0157711e+09 | L49: =K49/F49 -> 1.0328667 | M49: =K49/I49 -> 1.2925764 | R49: 0 | T49: 0 | V49: =SUM(R49:U49) -> 0
C53: GABUNGAN KAPAL | D53: 1 | E53: Bahan Pelumas | F53: =F9+F16+F23+F30+F37+F44 -> 1.5394e+09 | G53: =G9+G16+G23+G30+G37+G44 -> 495286360 | H53: =H9+H16+H23+H30+H37+H44 -> 6.4141667e+08 | I53: =I9+I16+I23+I30+I37+I44 -> 1.136703e+09 | J53: =I53/G53 -> 2.2950421 | K53: =K9+K16+K23+K30+K37+K44 -> 1.3270779e+09 | L53: =K53/F53 -> 0.86207477 | M53: =I53/K53 -> 0.85654582 | P53: =#REF!+#REF! -> #REF!
C54: LUWUK | D54: 2 | E54: Kapal RO-RO/Penyeberangan | F54: =F10+F17+F24+F31+F38+F45 -> 5267963053 | G54: =G10+G17+G24+G31+G38+G45 -> 7091965156 | H54: =H10+H17+H24+H31+H38+H45 -> 0 | I54: =I10+I17+I24+I31+I38+I45 -> 7091965156 | J54: =I54/G54 -> 1 | K54: =K10+K17+K24+K31+K38+K45 -> 4.6710502e+09 | L54: =K54/F54 -> 0.88669 | M54: =I54/K54 -> 1.5182807 | P54: =#REF!+#REF! -> #REF!
D55: 3 | E55: Akomodasi, Peralatan, dan Perlengkapan Kapal | F55: =F11+F18+F25+F32+F39+F46 -> 1674597721 | G55: =G11+G18+G25+G32+G39+G46 -> 1160880708 | H55: =H11+H18+H25+H32+H39+H46 -> 6.9774905e+08 | I55: =I11+I18+I25+I32+I39+I46 -> 1.8586298e+09 | J55: =I55/G55 -> 1.6010515 | K55: =K11+K18+K25+K32+K39+K46 -> 2802649650 | L55: =K55/F55 -> 1.6736256 | M55: =I55/K55 -> 0.66316878 | P55: =#REF!+#REF! -> #REF!
D56: 4 | E56: Permesinan dan Kelistrikan Kapal | F56: =F12+F19+F26+F33+F40+F47 -> 1846810500 | G56: =G12+G19+G26+G33+G40+G47 -> 1222998640 | H56: =H12+H19+H26+H33+H40+H47 -> 7.6950438e+08 | I56: =I12+I19+I26+I33+I40+I47 -> 1992503015 | J56: =I56/G56 -> 1.6291948 | K56: =K12+K19+K26+K33+K40+K47 -> 2.680321e+09 | L56: =K56/F56 -> 1.4513243 | M56: =I56/K56 -> 0.74338223 | P56: =#REF!+#REF! -> #REF!
D57: 5 | E57: Mobilisasi Dlm rangka Docking | F57: =F13+F20+F27+F34+F41+F48 -> 923585096 | G57: =G13+G20+G27+G34+G41+G48 -> 643777500 | H57: =H13+H20+H27+H34+H41+H48 -> 0 | I57: =I13+I20+I27+I34+I41+I48 -> 643777500 | J57: =I57/G57 -> 1 | K57: =K13+K20+K27+K34+K41+K48 -> 1.0211054e+09 | L57: =K57/F57 -> 1.1055889 | M57: =I57/K57 -> 0.63047113 | P57: =#REF!+#REF! -> #REF!
E58: Jumlah | F58: =SUM(F53:F57) -> 1.1252356e+10 | G58: =SUM(G53:G57) -> 10614908364 | H58: =SUM(H53:H57) -> 2.1086701e+09 | I58: =SUM(I53:I57) -> 1.2723578e+10 | J58: =I58/G58 -> 1.1986517 | K58: =SUM(K53:K57) -> 1.2502204e+10 | L58: =K58/F58 -> 1.1110743 | M58: =K58/I58 -> 0.98260126
E66: Cengki Afo | F66: 3802500
E67: Moinit | F67: 3802500
E68: Tuna Tomini | F68: 4387500
E69: Tanjung Api | F69: 3802500
E70: Teluk Tolo | F70: 3802500
E71: Dolosi | F71: 3802500
G73: =G58-'data Prognosa rutin'!N57 -> 0

Sheet data Prognosa rutin
B2: PT. ASDP INDONESIA FERRY (PERSERO)
B3: TABEL REALISASI BIAYA PERAWATAN KAPAL CABANG LUWUK TAHUN 2023
G5: REALISASI BIAYA JANUARI S/D JULI 2023 | O5: ESTIMATE AGUS S/D DES 2023
B6: NO | C6: NAMA KAPAL | D6: JENIS BIAYA PEMELIHARAAN | F6: RKA 2023 | G6: JANUARI | H6: FEBRUARI | I6: MARET | J6: APRIL | K6: MEI | L6: JUNI | M6: JULI | N6: TOTAL REALISASI BIAYA JAN S/D JULI 2023 | O6: AGUS | P6: SEPT | Q6: OKT | R6: NOP | S6: DES | T6: TOTAL ESTIMATE AGUS S/D DES 2023 | U6: PROGNOSA 2023 | V6: PRESENTASE PENYERAPAN RKAC | AE6: REALISASI BIAYA
B8: 1 | C8: KMP. MOINIT | D8: 1 | E8: Bahan Pelumas | F8: =[2]REKAP!$F$11 -> 2.6084556e+08 | G8: 15098220 | I8: 14707500 | J8: 14618700 | K8: 9387225 | L8: 9387225 | M8: 7309350 | N8: =SUM(G8:M8) -> 70508220 | O8: =F8/12 -> 21737130 | P8: =F8/12 -> 21737130 | Q8: =F8/12 -> 21737130 | R8: =F8/12 -> 21737130 | S8: =F8/12 -> 21737130 | T8: =SUM(O8:S8) -> 1.0868565e+08 | U8: =T8+N8 -> 1.7919387e+08 | V8: =U8/F8 -> 0.68697305 | AE8: =[8]Prognosa!G9 -> 70508220 | AF8: =AE8-N8 -> 0 | AG8: 18774450
D9: 2 | E9: Kapal RO-RO/Penyeberangan | F9: 994766768 | L9: 566327550 | M9: 234811060 | N9: =SUM(G9:M9) -> 801138610 | T9: =SUM(O9:S9) -> 0 | U9: =T9+N9 -> 801138610 | V9: =U9/F9 -> 0.80535321 | AE9: =[8]Prognosa!G10 -> 801138610 | AF9: =AE9-N9 -> 0 | AG9: 45140920
D10: 3 | E10: Akomodasi, Peralatan, dan Perlengkapan Kapal | F10: 294773975 | G10: 2331000 | H10: 1554000 | I10: 109858920 | J10: 33087990 | K10: 9299950 | M10: 21383060 | N10: =SUM(G10:M10) -> 177514920 | O10: =F10/12 -> 24564498 | P10: =F10/12 -> 24564498 | Q10: =F10/12 -> 24564498 | R10: =F10/12 -> 24564498 | S10: =F10/12 -> 24564498 | T10: =SUM(O10:S10) -> 1.2282249e+08 | U10: =T10+N10 -> 3.0033741e+08 | V10: =U10/F10 -> 1.0188736 | AE10: =[8]Prognosa!G11 -> 177514920 | AF10: =AE10-N10 -> 0 | AG10: -68111800
D11: 4 | E11: Permesinan dan Kelistrikan Kapal | F11: 306018000 | G11: 8791200 | H11: 9910080 | I11: 9421680 | J11: 71790946 | K11: 19144170 | M11: 60696002 | N11: =SUM(G11:M11) -> 179754078 | O11: =F11/12 -> 25501500 | P11: =F11/12 -> 25501500 | Q11: =F11/12 -> 25501500 | R11: =F11/12 -> 25501500 | S11: =F11/12 -> 25501500 | T11: =SUM(O11:S11) -> 127507500 | U11: =T11+N11 -> 307261578 | V11: =U11/F11 -> 1.0040637 | AE11: =[8]Prognosa!G12 -> 179754078 | AF11: =AE11-N11 -> 0 | AG11: 68812630
D12: 5 | E12: Mobilisasi Dlm rangka Docking | F12: 149477700 | L12: 186036000 | N12: =SUM(G12:M12) -> 186036000 | T12: =SUM(O12:S12) -> 0 | U12: =T12+N12 -> 186036000 | V12: =U12/F12 -> 1.2445736 | AE12: =[8]Prognosa!G13 -> 186036000 | AF12: =AE12-N12 -> 0 | AG12: 0
E13: Jumlah | F13: =SUM(F8:F12) -> 2.005882e+09 | G13: =SUM(G8:G12) -> 26220420 | H13: =SUM(H8:H12) -> 11464080 | I13: =SUM(I8:I12) -> 133988100 | J13: =SUM(J8:J12) -> 1.1949764e+08 | K13: =SUM(K8:K12) -> 37831345 | L13: =SUM(L8:L12) -> 761750775 | M13: =SUM(M8:M12) -> 3.2419947e+08 | ... U13: =SUM(U8:U12) -> 1.7739675e+09 | V13: =U13/F13 -> 0.88438276 | AE13: =SUM(AE8:AE12) -> 1414951828 | AF13: =SUM(AF8:AF12) -> 0 | AG13: 64616200
B15: 2 | C15: KMP. TUNA TOMINI | D15: 1 | E15: Bahan Pelumas | F15: =[2]REKAP!$F$18 -> 2.6134556e+08 | G15: 15098220 | H15: 8103000 | I15: 14707500 | J15: 48974410 | M15: 7309350 | N15: =SUM(G15:M15) -> 94192480 | O15: =F15/12 -> 21778796 | P15: =F15/12 -> 21778796 | Q15: =F15/12 -> 21778796 | R15: =F15/12 -> 21778796 | S15: =F15/12 -> 21778796 | T15: =SUM(O15:S15) -> 1.0889398e+08 | U15: =T15+N15 -> 2.0308646e+08 | V15: =U15/F15 -> 0.77708022 | AE15: =[8]Prognosa!G16 -> 94192480 | AF15: =AE15-N15 -> 0 | AG15: -9500390
D16: 2 | E16: Kapal RO-RO/Penyeberangan | F16: =908852460 -> 908852460 | K16: 902670870 | L16: 34410000 | M16: 724034906 | N16: =SUM(G16:M16) -> 1661115776 | T16: =SUM(O16:S16) -> 0 | U16: =T16+N16 -> 1661115776 | V16: =U16/F16 -> 1.8277068 | AE16: =[8]Prognosa!G17 -> 1661115776 | AF16: =AE16-N16 -> 0 | AG16: 724034906
D17: 3 | E17: Akomodasi, Peralatan, dan Perlengkapan Kapal | F17: =278355450 -> 278355450 | G17: 46884530 | H17: 38982440 | I17: 41091440 | J17: 42100430 | K17: 105394870 | L17: 15162600 | M17: 25649880 | N17: =SUM(G17:M17) -> 315266188 | O17: =F17/12 -> 23196288 | P17: =F17/12 -> 23196288 | Q17: =F17/12 -> 23196288 | R17: =F17/12 -> 23196288 | S17: =F17/12 -> 23196288 | T17: =SUM(O17:S17) -> 1.1598144e+08 | U17: =T17+N17 -> 4.3124763e+08 | V17: =U17/F17 -> 1.5492696 | AE17: =[8]Prognosa!G18 -> 315266188 | AF17: =AE17-N17 -> 0 | AG17: 155929758
D18: 4 | E18: Permesinan dan Kelistrikan Kapal | F18: =243024000 -> 243024000 | H18: 28868880 | I18: 15608492 | J18: 13405877 | K18: 146870538 | L18: 13320000 | M18: 2843912.5 | N18: =SUM(G18:M18) -> 220917700 | O18: =F18/12 -> 20252000 | P18: =F18/12 -> 20252000 | Q18: =F18/12 -> 20252000 | R18: =F18/12 -> 20252000 | S18: =F18/12 -> 20252000 | T18: =SUM(O18:S18) -> 101260000 | U18: =T18+N18 -> 322177700 | V18: =U18/F18 -> 1.3257032 | AE18: =[8]Prognosa!G19 -> 220917700 | AF18: =AE18-N18 -> 0 | AG18: 15608492
D19: 5 | E19: Mobilisasi Dlm rangka Docking | F19: =109477700 -> 109477700 | J19: 115495500 | N19: =SUM(G19:M19) -> 115495500 | T19: =SUM(O19:S19) -> 0 | U19: =T19+N19 -> 115495500 | V19: =U19/F19 -> 1.0549683 | AE19: =[8]Prognosa!G20 -> 115495500 | AF19: =AE19-N19 -> 0 | AG19: 0
E20: Jumlah | F20: =SUM(F15:F19) -> 1.8010552e+09 | G20: =SUM(G15:G19) -> 61982750 | H20: =SUM(H15:H19) -> 75954320 | I20: =SUM(I15:I19) -> 71407432 | J20: =SUM(J15:J19) -> 2.1997622e+08 | K20: =SUM(K15:K19) -> 1154936278 | L20: =SUM(L15:L19) -> 62892600 | M20: =SUM(M15:M19) -> 7.5983805e+08 | ... U20: =SUM(U15:U19) -> 2.7331231e+09 | V20: =U20/F20 -> 1.5175121 | AE20: =SUM(AE15:AE19) -> 2406987644 | AF20: =SUM(AF15:AF19) -> 0 | AG20: 8.8607277e+08
B22: 3 | C22: KMP. CENGKIH AFO | D22: 1 | E22: Bahan Pelumas | F22: =[2]REKAP!$F$25 -> 2.6134556e+08 | G22: 15098220 | I22: 32966210 | J22: 14618700 | M22: 7309350 | N22: =SUM(G22:M22) -> 69992480 | O22: =F22/12 -> 21778796 | P22: =F22/12 -> 21778796 | Q22: =F22/12 -> 21778796 | R22: =F22/12 -> 21778796 | S22: =F22/12 -> 21778796 | T22: =SUM(O22:S22) -> 1.0889398e+08 | U22: =T22+N22 -> 1.7888646e+08 | V22: =U22/F22 -> 0.68448251 | AE22: =[8]Prognosa!G23 -> 69992480 | AF22: =AE22-N22 -> 0 | AG22: -24487390
D23: 2 | E23: Kapal RO-RO/Penyeberangan | F23: 849098940 | G23: 1231310195 | H23: 553224000 | I23: 32023500 | J23: 22200000 | N23: =SUM(G23:M23) -> 1838757695 | T23: =SUM(O23:S23) -> 0 | U23: =T23+N23 -> 1838757695 | V23: =U23/F23 -> 2.16554 | AE23: =[8]Prognosa!G24 -> 1838757695 | AF23: =AE23-N23 -> 0 | AG23: 1231310195
D24: 3 | E24: Akomodasi, Peralatan, dan Perlengkapan Kapal | F24: 262104333 | G24: 29342850 | H24: 79653600 | I24: 111566680 | J24: 17137290 | K24: 2639950 | L24: 6993000 | M24: 2339880 | N24: =SUM(G24:M24) -> 249673250 | O24: =F24/12 -> 21842028 | P24: =F24/12 -> 21842028 | Q24: =F24/12 -> 21842028 | R24: =F24/12 -> 21842028 | S24: =F24/12 -> 21842028 | T24: =SUM(O24:S24) -> 1.0921014e+08 | U24: =T24+N24 -> 3.5888339e+08 | V24: =U24/F24 -> 1.3692387 | AE24: =[8]Prognosa!G25 -> 249673250 | AF24: =AE24-N24 -> 0 | AG24: -44399420
D25: 4 | E25: Permesinan dan Kelistrikan Kapal | F25: 316778000 | G25: 15752010 | H25: 13475400 | I25: 30403455 | J25: 37121582 | K25: 130162152 | L25: 58169238 | M25: 12672962 | N25: =SUM(G25:M25) -> 297756800 | O25: =F25/12 -> 26398167 | P25: =F25/12 -> 26398167 | Q25: =F25/12 -> 26398167 | R25: =F25/12 -> 26398167 | S25: =F25/12 -> 26398167 | T25: =SUM(O25:S25) -> 1.3199083e+08 | U25: =T25+N25 -> 4.2974763e+08 | V25: =U25/F25 -> 1.3566208 | AE25: =[8]Prognosa!G26 -> 297756800 | AF25: =AE25-N25 -> 0 | AG25: 58169238
D26: 5 | E26: Mobilisasi Dlm rangka Docking | F26: 126554300 | G26: 186800000 | N26: =SUM(G26:M26) -> 186800000 | T26: =SUM(O26:S26) -> 0 | U26: =T26+N26 -> 186800000 | V26: =U26/F26 -> 1.4760463 | AE26: =[8]Prognosa!G27 -> 186800000 | AF26: =AE26-N26 -> 0 | AG26: 186800000
E27: Jumlah | F27: =SUM(F22:F26) -> 1.8158811e+09 | G27: =SUM(G22:G26) -> 1478303275 | H27: =SUM(H22:H26) -> 646353000 | I27: =SUM(I22:I26) -> 206959845 | J27: =SUM(J22:J26) -> 91077572 | K27: =SUM(K22:K26) -> 132802102 | L27: =SUM(L22:L26) -> 65162238 | M27: =SUM(M22:M26) -> 22322192 | ... U27: =SUM(U22:U26) -> 2.9930752e+09 | V27: =U27/F27 -> 1.648277 | AE27: =SUM(AE22:AE26) -> 2642980225 | AF27: =SUM(AF22:AF26) -> 0 | AG27: 1.4073926e+09
B29: 4 | C29: KMP. TANJUNG API | D29: 1 | E29: Bahan Pelumas | F29: =[2]REKAP!$F$32 -> 2.482551e+08 | G29: 15098220 | I29: 14707500 | J29: 14618700 | L29: 17065710 | M29: 25402350 | N29: =SUM(G29:M29) -> 86892480 | O29: =F29/12 -> 20687925 | P29: =F29/12 -> 20687925 | Q29: =F29/12 -> 20687925 | R29: =F29/12 -> 20687925 | S29: =F29/12 -> 20687925 | T29: =SUM(O29:S29) -> 1.0343963e+08 | U29: =T29+N29 -> 1.9033211e+08 | V29: =U29/F29 -> 0.76667953 | AE29: =[8]Prognosa!G30 -> 86892480 | AF29: =AE29-N29 -> 0 | AG29: 17065710
D30: 2 | E30: Kapal RO-RO/Penyeberangan | F30: 790664322 | K30: 52614000 | L30: 832149187 | N30: =SUM(G30:M30) -> 884763187 | T30: =SUM(O30:S30) -> 0 | U30: =T30+N30 -> 884763187 | V30: =U30/F30 -> 1.1190124 | AE30: =[8]Prognosa!G31 -> 884763187 | AF30: =AE30-N30 -> 0 | AG30: 169125652
D31: 3 | E31: Akomodasi, Peralatan, dan Perlengkapan Kapal | F31: 224275761 | I31: 4995000 | J31: 3117990 | K31: 2639950 | L31: 146132280 | M31: 12163380 | N31: =SUM(G31:M31) -> 169048600 | O31: =F31/12 -> 18689647 | P31: =F31/12 -> 18689647 | Q31: =F31/12 -> 18689647 | R31: =F31/12 -> 18689647 | S31: =F31/12 -> 18689647 | T31: =SUM(O31:S31) -> 93448234 | U31: =T31+N31 -> 2.6249683e+08 | V31: =U31/F31 -> 1.17042 | AE31: =[8]Prognosa!G32 -> 169048600 | AF31: =AE31-N31 -> 0 | AG31: -4097895
D32: 4 | E32: Permesinan dan Kelistrikan Kapal | F32: 322506800 | G32: 41292000 | H32: 42823800 | I32: 4662000 | J32: 18096515 | K32: 27134907 | L32: 60449228 | M32: 16829912 | N32: =SUM(G32:M32) -> 211288362 | O32: =F32/12 -> 26875567 | P32: =F32/12 -> 26875567 | Q32: =F32/12 -> 26875567 | R32: =F32/12 -> 26875567 | S32: =F32/12 -> 26875567 | T32: =SUM(O32:S32) -> 1.3437783e+08 | U32: =T32+N32 -> 3.456662e+08 | V32: =U32/F32 -> 1.0718106 | AE32: =[8]Prognosa!G33 -> 211288362 | AF32: =AE32-N32 -> 0 | AG32: -33818077
D33: 5 | E33: Mobilisasi Dlm rangka Docking | F33: 125798050 | K33: 18348000 | N33: =SUM(G33:M33) -> 18348000 | T33: =SUM(O33:S33) -> 0 | U33: =T33+N33 -> 18348000 | V33: =U33/F33 -> 0.14585282 | AE33: =[8]Prognosa!G34 -> 18348000 | AF33: =AE33-N33 -> 0 | AG33: -166800000
E34: Jumlah | F34: =SUM(F29:F33) -> 1.7115e+09 | G34: =SUM(G29:G33) -> 56390220 | H34: =SUM(H29:H33) -> 42823800 | I34: =SUM(I29:I33) -> 24364500 | J34: =SUM(J29:J33) -> 35833205 | K34: =SUM(K29:K33) -> 1.0073686e+08 | L34: =SUM(L29:L33) -> 1.0557964e+09 | M34: =SUM(M29:M33) -> 54395642 | ... U34: =SUM(U29:U33) -> 1.7016063e+09 | V34: =U34/F34 -> 0.99421927 | AE34: =SUM(AE29:AE33) -> 1370340629 | AF34: =SUM(AF29:AF33) -> 0 | AG34: -18524610
B36: 5 | C36: KMP. TELUK TOLO | D36: 1 | E36: Bahan Pelumas | F36: =[2]REKAP!$F$46 -> 2.6134556e+08 | G36: 15098220 | I36: 14707500 | J36: 14618700 | L36: 7602610 | M36: 51165450 | N36: =SUM(G36:M36) -> 103192480 | O36: =F36/12 -> 21778796 | P36: =F36/12 -> 21778796 | Q36: =F36/12 -> 21778796 | R36: =F36/12 -> 21778796 | S36: =F36/12 -> 21778796 | T36: =SUM(O36:S36) -> 1.0889398e+08 | U36: =T36+N36 -> 2.1208646e+08 | V36: =U36/F36 -> 0.81151738 | AE36: =[8]Prognosa!G37 -> 103192480 | AF36: =AE36-N36 -> 0 | AG36: 7602610
D37: 2 | E37: Kapal RO-RO/Penyeberangan | F37: 847824785 | L37: 6.3477574e+08 | M37: 6.178653e+08 | N37: =SUM(G37:M37) -> 1252641038 | T37: =SUM(O37:S37) -> 0 | U37: =T37+N37 -> 1252641038 | V37: =U37/F37 -> 1.4774763 | AE37: =[8]Prognosa!G38 -> 1252641038 | AF37: =AE37-N37 -> 0 | AG37: 6.3477574e+08
D38: 3 | E38: Akomodasi, Peralatan, dan Perlengkapan Kapal | F38: 315284392 | G38: 8991000 | I38: 9990000 | J38: 5892990 | K38: 2639950 | M38: 8686560 | N38: =SUM(G38:M38) -> 36200500 | O38: =F38/12 -> 26273699 | P38: =F38/12 -> 26273699 | Q38: =F38/12 -> 26273699 | R38: =F38/12 -> 26273699 | S38: =F38/12 -> 26273699 | T38: =SUM(O38:S38) -> 1.313685e+08 | U38: =T38+N38 -> 1.67569e+08 | V38: =U38/F38 -> 0.53148523 | AE38: =[8]Prognosa!G39 -> 36200500 | AF38: =AE38-N38 -> 0 | AG38: -86896650
D39: 4 | E39: Permesinan dan Kelistrikan Kapal | F39: 319556100 | H39: 8566980 | J39: 8642645 | K39: 2516370 | M39: 60587005 | N39: =SUM(G39:M39) -> 80313000 | O39: =F39/12 -> 26629675 | P39: =F39/12 -> 26629675 | Q39: =F39/12 -> 26629675 | R39: =F39/12 -> 26629675 | S39: =F39/12 -> 26629675 | T39: =SUM(O39:S39) -> 133148375 | U39: =T39+N39 -> 213461375 | V39: =U39/F39 -> 0.66799343 | AE39: =[8]Prognosa!G40 -> 80313000 | AF39: =AE39-N39 -> 0 | AG39: -35307098
D40: 5 | E40: Mobilisasi Dlm rangka Docking | F40: 222399646 | M40: 116550000 | N40: =SUM(G40:M40) -> 116550000 | T40: =SUM(O40:S40) -> 0 | U40: =T40+N40 -> 116550000 | V40: =U40/F40 -> 0.52405659 | AE40: =[8]Prognosa!G41 -> 116550000 | AF40: =AE40-N40 -> 0 | AG40: 0
E41: Jumlah | F41: =SUM(F36:F40) -> 1.9664105e+09 | G41: =SUM(G36:G40) -> 24089220 | H41: =SUM(H36:H40) -> 8566980 | I41: =SUM(I36:I40) -> 24697500 | J41: =SUM(J36:J40) -> 29154335 | K41: =SUM(K36:K40) -> 5156320 | L41: =SUM(L36:L40) -> 6.4237835e+08 | M41: =SUM(M36:M40) -> 8.5485432e+08 | ... U41: =SUM(U36:U40) -> 1.9623079e+09 | V41: =U41/F41 -> 0.99791366 | AE41: =SUM(AE36:AE40) -> 1588897018 | AF41: =SUM(AF36:AF40) -> 0 | AG41: 1.6450337e+08
AF42: =N42-AE42 -> 0 | AG42: 0
B43: 6 | C43: KMP. DOLOSI | D43: 1 | E43: Bahan Pelumas | F43: =[2]REKAP!$F$39 -> 2.4626268e+08 | G43: 15098220 | I43: 14707500 | J43: 14618700 | K43: 9387225 | L43: 9387225 | M43: 7309350 | N43: =SUM(G43:M43) -> 70508220 | O43: =F43/12 -> 20521890 | P43: =F43/12 -> 20521890 | Q43: =F43/12 -> 20521890 | R43: =F43/12 -> 20521890 | S43: =F43/12 -> 20521890 | T43: =SUM(O43:S43) -> 1.0260945e+08 | U43: =T43+N43 -> 1.7311767e+08 | V43: =U43/F43 -> 0.70297972 | AE43: =[8]Prognosa!G44 -> 70508220 | AF43: =AE43-N43 -> 0 | AG43: 18774450 | AI43: April | AJ43: Mei | AK43: Juni | AL43: Juli
D44: 2 | E44: Kapal RO-RO/Penyeberangan | F44: 876755778 | G44: 210646261 | H44: 38394900 | I44: 404507689 | N44: =SUM(G44:M44) -> 653548850 | T44: =SUM(O44:S44) -> 0 | U44: =T44+N44 -> 653548850 | V44: =U44/F44 -> 0.74541721 | AE44: =[8]Prognosa!G45 -> 653548850 | AF44: =AE44-N44 -> 0 | AG44: -334025189 | AI44: 28744815 | AJ44: 21600000 | AK44: 32400000 | AL44: 45040000 | AM44: =SUM(AI44:AL44) -> 127784815 | AN44: =SUM(AJ44:AL44) -> 99040000
D45: 3 | E45: Akomodasi, Peralatan, dan Perlengkapan Kapal | F45: 299803810 | G45: 79895850 | H45: 81862500 | I45: 16714380 | J45: 8390490 | K45: 2639950 | L45: 6771000 | M45: 16903080 | N45: =SUM(G45:M45) -> 213177250 | O45: =F45/12 -> 24983651 | P45: =F45/12 -> 24983651 | Q45: =F45/12 -> 24983651 | R45: =F45/12 -> 24983651 | S45: =F45/12 -> 24983651 | T45: =SUM(O45:S45) -> 1.2491825e+08 | U45: =T45+N45 -> 3.380955e+08 | V45: =U45/F45 -> 1.1277225 | AE45: =[8]Prognosa!G46 -> 213177250 | AF45: =AE45-N45 -> 0 | AG45: -28336365 | AI45: 0 | AJ45: 0 | AK45: 0 | AL45: 0 | AM45: =SUM(AI45:AL45) -> 0
D46: 4 | E46: Permesinan dan Kelistrikan Kapal | F46: 338927600 | G46: 119356080 | H46: 61308810 | I46: 11100000 | J46: 2978315 | K46: 25169583 | L46: 7326000 | M46: 5729912.5 | N46: =SUM(G46:M46) -> 232968700 | O46: =F46/12 -> 28243967 | P46: =F46/12 -> 28243967 | Q46: =F46/12 -> 28243967 | R46: =F46/12 -> 28243967 | S46: =F46/12 -> 28243967 | T46: =SUM(O46:S46) -> 1.4121983e+08 | U46: =T46+N46 -> 3.7418853e+08 | V46: =U46/F46 -> 1.1040368 | AE46: =[8]Prognosa!G47 -> 232968700 | AF46: =AE46-N46 -> 0 | AG46: -2.043264e+08 | AI46: 15583450 | AJ46: 4572000 | AK46: 65747000 | AL46: 37969019 | AM46: =SUM(AI46:AL46) -> 1.2387147e+08 | AN46: =SUM(AJ46:AL46) -> 1.0828802e+08
D47: 5 | E47: Mobilisasi Dlm rangka Docking | F47: 189877700 | G47: 10274000 | H47: 10274000 | N47: =SUM(G47:M47) -> 20548000 | T47: =SUM(O47:S47) -> 0 | U47: =T47+N47 -> 20548000 | V47: =U47/F47 -> 0.10821703 | AE47: =[8]Prognosa!G48 -> 20548000 | AF47: =AE47-N47 -> 0 | AG47: -394148000 | AI47: 68002600 | AJ47: 32028000 | AK47: 22585500 | AL47: 73692000 | AM47: =SUM(AI47:AL47) -> 196308100 | AN47: =SUM(AJ47:AL47) -> 128305500
E48: Jumlah | F48: =SUM(F43:F47) -> 1.9516276e+09 | G48: =SUM(G43:G47) -> 435270411 | H48: =SUM(H43:H47) -> 1.9184021e+08 | I48: =SUM(I43:I47) -> 447029569 | J48: =SUM(J43:J47) -> 25987505 | K48: =SUM(K43:K47) -> 37196758 | L48: =SUM(L43:L47) -> 23484225 | M48: =SUM(M43:M47) -> 29942342 | ... U48: =SUM(U43:U47) -> 1.5594986e+09 | V48: =U48/F48 -> 0.7990759 | AE48: =SUM(AE43:AE47) -> 1190751020 | AF48: =SUM(AF43:AF47) -> 0 | AG48: -9.420615e+08 | AI48: 0 | AK48: 0 | AM48: =SUM(AI48:AL48) -> 0
C52: GABUNGAN KAPAL | D52: 1 | E52: Bahan Pelumas | F52: =F8+F15+F22+F29+F36+F43 -> 1.5394e+09 | G52: =G8+G15+G22+G29+G36+G43 -> 90589320 | H52: =H8+H15+H22+H29+H36+H43 -> 8103000 | I52: =I8+I15+I22+I29+I36+I43 -> 106503710 | J52: =J8+J15+J22+J29+J36+J43 -> 122067910 | K52: =K8+K15+K22+K29+K36+K43 -> 18774450 | L52: =L8+L15+L22+L29+L36+L43 -> 43442770 | M52: =M8+M15+M22+M29+M36+M43 -> 105805200 | N52: =SUM(G52:M52) -> 495286360 | O52: =O8+O15+O22+O29+O36+O43 -> 1.2828333e+08 | P52: =P8+P15+P22+P29+P36+P43 -> 1.2828333e+08 | Q52: =Q8+Q15+Q22+Q29+Q36+Q43 -> 1.2828333e+08 | R52: =R8+R15+R22+R29+R36+R43 -> 1.2828333e+08 | S52: =S8+S15+S22+S29+S36+S43 -> 1.2828333e+08 | T52: =T8+T15+T22+T29+T36+T43 -> 6.4141667e+08 | U52: =U8+U15+U22+U29+U36+U43 -> 1.136703e+09 | V52: =U52/F52 -> 0.73840654 | AE52: =AE8+AE15+AE22+AE29+AE36+AE43 -> 495286360
C53: LUWUK | D53: 2 | E53: Kapal RO-RO/Penyeberangan | F53: =F9+F16+F23+F30+F37+F44 -> 5267963053 | G53: =G9+G16+G23+G30+G37+G44 -> 1441956456 | H53: =H9+H16+H23+H30+H37+H44 -> 591618900 | I53: =I9+I16+I23+I30+I37+I44 -> 436531189 | J53: =J9+J16+J23+J30+J37+J44 -> 22200000 | K53: =K9+K16+K23+K30+K37+K44 -> 955284870 | L53: =L9+L16+L23+L30+L37+L44 -> 2.0676625e+09 | M53: =M9+M16+M23+M30+M37+M44 -> 1.5767113e+09 | N53: =SUM(G53:M53) -> 7091965156 | O53: =O9+O16+O23+O30+O37+O44 -> 0 | P53: =P9+P16+P23+P30+P37+P44 -> 0 | Q53: =Q9+Q16+Q23+Q30+Q37+Q44 -> 0 | R53: =R9+R16+R23+R30+R37+R44 -> 0 | S53: =S9+S16+S23+S30+S37+S44 -> 0 | T53: =T9+T16+T23+T30+T37+T44 -> 0 | U53: =U9+U16+U23+U30+U37+U44 -> 7091965156 | V53: =U53/F53 -> 1.3462443 | AE53: =AE9+AE16+AE23+AE30+AE37+AE44 -> 7091965156
D54: 3 | E54: Akomodasi, Peralatan, dan Perlengkapan Kapal | F54: =F10+F17+F24+F31+F38+F45 -> 1674597721 | G54: =G10+G17+G24+G31+G38+G45 -> 1.6744523e+08 | H54: =H10+H17+H24+H31+H38+H45 -> 2.0205254e+08 | I54: =I10+I17+I24+I31+I38+I45 -> 2.9421642e+08 | J54: =J10+J17+J24+J31+J38+J45 -> 1.0972718e+08 | K54: =K10+K17+K24+K31+K38+K45 -> 125254620 | L54: =L10+L17+L24+L31+L38+L45 -> 175058880 | M54: =M10+M17+M24+M31+M38+M45 -> 87125840 | N54: =SUM(G54:M54) -> 1160880708 | O54: =O10+O17+O24+O31+O38+O45 -> 1.3954981e+08 | P54: =P10+P17+P24+P31+P38+P45 -> 1.3954981e+08 | Q54: =Q10+Q17+Q24+Q31+Q38+Q45 -> 1.3954981e+08 | R54: =R10+R17+R24+R31+R38+R45 -> 1.3954981e+08 | S54: =S10+S17+S24+S31+S38+S45 -> 1.3954981e+08 | T54: =T10+T17+T24+T31+T38+T45 -> 6.9774905e+08 | U54: =U10+U17+U24+U31+U38+U45 -> 1.8586298e+09 | V54: =U54/F54 -> 1.1098963 | AE54: =AE10+AE17+AE24+AE31+AE38+AE45 -> 1160880708
D55: 4 | E55: Permesinan dan Kelistrikan Kapal | F55: =F11+F18+F25+F32+F39+F46 -> 1846810500 | G55: =G11+G18+G25+G32+G39+G46 -> 185191290 | H55: =H11+H18+H25+H32+H39+H46 -> 1.6495395e+08 | I55: =I11+I18+I25+I32+I39+I46 -> 71195628 | J55: =J11+J18+J25+J32+J39+J46 -> 1.5203588e+08 | K55: =K11+K18+K25+K32+K39+K46 -> 3.5099772e+08 | L55: =L11+L18+L25+L32+L39+L46 -> 1.3926447e+08 | M55: =M11+M18+M25+M32+M39+M46 -> 1.5935971e+08 | N55: =SUM(G55:M55) -> 1222998640 | O55: =O11+O18+O25+O32+O39+O46 -> 153900875 | P55: =P11+P18+P25+P32+P39+P46 -> 153900875 | Q55: =Q11+Q18+Q25+Q32+Q39+Q46 -> 153900875 | R55: =R11+R18+R25+R32+R39+R46 -> 153900875 | S55: =S11+S18+S25+S32+S39+S46 -> 153900875 | T55: =T11+T18+T25+T32+T39+T46 -> 7.6950438e+08 | U55: =U11+U18+U25+U32+U39+U46 -> 1992503015 | V55: =U55/F55 -> 1.0788887 | AE55: =AE11+AE18+AE25+AE32+AE39+AE46 -> 1222998640
D56: 5 | E56: Mobilisasi Dlm rangka Docking | F56: =F12+F19+F26+F33+F40+F47 -> 923585096 | G56: =G12+G19+G26+G33+G40+G47 -> 197074000 | H56: =H12+H19+H26+H33+H40+H47 -> 10274000 | I56: =I12+I19+I26+I33+I40+I47 -> 0 | J56: =J12+J19+J26+J33+J40+J47 -> 115495500 | K56: =K12+K19+K26+K33+K40+K47 -> 18348000 | L56: =L12+L19+L26+L33+L40+L47 -> 186036000 | M56: =M12+M19+M26+M33+M40+M47 -> 116550000 | N56: =SUM(G56:M56) -> 643777500 | O56: =O12+O19+O26+O33+O40+O47 -> 0 | P56: =P12+P19+P26+P33+P40+P47 -> 0 | Q56: =Q12+Q19+Q26+Q33+Q40+Q47 -> 0 | R56: =R12+R19+R26+R33+R40+R47 -> 0 | S56: =S12+S19+S26+S33+S40+S47 -> 0 | T56: =T12+T19+T26+T33+T40+T47 -> 0 | U56: =U12+U19+U26+U33+U40+U47 -> 643777500 | V56: =U56/F56 -> 0.69704189 | AE56: =AE12+AE19+AE26+AE33+AE40+AE47 -> 643777500
E57: Jumlah | F57: =SUM(F52:F56) -> 1.1252356e+10 | G57: =SUM(G52:G56) -> 2.0822563e+09 | H57: =SUM(H52:H56) -> 977002389 | I57: =SUM(I52:I56) -> 908446946 | J57: =SUM(J52:J56) -> 521526469 | K57: =SUM(K52:K56) -> 1.4686597e+09 | L57: =SUM(L52:L56) -> 2.6114646e+09 | M57: =SUM(M52:M56) -> 2.045552e+09 | ... U57: =SUM(U52:U56) -> 1.2723578e+10 | V57: =U57/F57 -> 1.1307479 | AE57: =SUM(AE52:AE56) -> 10614908364

Sheet JANUARI
K3: PT. ASDP INDONESIA FERRY (PERSERO) CABANG: LUWUK REGIONAL : IV
K5: DAFTAR SPPBJ S/D KONTRAK PERIODE : JANUARI 2023
B7: NO | C7: NOMOR PR | D7: NOMOR RFQ | E7: NOMOR SPPBJ | F7: TANGGAL SPPBJ/PR | G7: NILAI (RP) SPPBJ/PR (BLM PPN) | H7: ACC ASSIGMENT | I7: NAMA PEKERJAAN | J7: USER (PEMAKAI) | K7: KELOMPOK BARANG/JASA (SESUAI SAP) | L7: MATERIAL GROUP (SESUAI SAP) | M7: TGL SPPBJ/PR DITERIMA UNIT PBJ | N7: METODE PBJ | O7: PIC PBJ | P7: NOMOR PO | Q7: NOMOR PERJANJIAN | R7: TANGGAL PERJANJIAN | S7: DATA MITRA KERJA | V7: NILAI PERJANJIAN (SEBELUM PPN) RP | W7: SELISIH NILAI PERJANJIAN DENGAN NILAI SPPBJ (SEBELUM PPN)
S8: NAMA PERUSAHAAN | T8: NPWP | U8: ALAMAT | W8: (6-21)
B9: 1 | C9: 2 | D9: 3 | E9: 4 | F9: 5 | G9: 6 | H9: 7 | I9: 8 | J9: 9 | K9: 10 | L9: 11 | M9: 12 | N9: 13 | O9: 14 | P9: 15 | Q9: 16 | R9: 17 | S9: 18 | T9: 19 | U9: 20 | V9: 22 | W9: 23
B10: 1 | C10: 2000019307 | D10: 3000019313 | E10: SPPB/J No. 001/SPPB-UM/ASDP-LWK/2023 | F10: 44928 | G10: 15651500 | H10: K | I10: Akomodasi, Peralatan, dan Perlengkapan Kapal | J10: Teknik/Alif | K10: BARANG TEKNIK | L10: PERALATAN | M10: 44928 | N10: PENGADAAN LANGSUNG | O10: Aditia | P10: 5300006059 | Q10: SPB/J.001/PPBJ/UM.201/ASDP-LWK/2023 | R10: 44929 | S10: Koperasi Jasa Karyawan Tanjung Sejahtera | T10: 02.119.857.7-832.000 | U10: Jl. Tan Malaka No. 15, Keraton, Luwuk, Banggai | V10: 15651500 | W10: =V10+(V10*11%) -> 17373165 | X10: DOLOSI
B11: 2 | C11: 2000019308 | D11: 3000019314 | E11: SPPB/J No. 002/SPPB-UM/ASDP-LWK/2023 | F11: 44928 | G11: 15505000 | H11: K | I11: Permesinan dan Kelistrikan Kapal | J11: Teknik/Alif | K11: BARANG TEKNIK | L11: PERALATAN | M11: 44928 | N11: PENGADAAN LANGSUNG | O11: Aditia | P11: 5300006060 | Q11: SPB/J.002/PPBJ/UM.201/ASDP-LWK/2023 | R11: 44929 | S11: Koperasi Jasa Karyawan Tanjung Sejahtera | T11: 02.119.857.7-832.000 | U11: Jl. Tan Malaka No. 15, Keraton, Luwuk, Banggai | V11: 15505000 | W11: =V11+(V11*11%) -> 17210550 | X11: =X10 -> DOLOSI
B12: 3 | C12: 2000019296 | D12: 3000019348 | E12: SPPB/J No. 007/SPPB-UM/ASDP-LWK/2023 | F12: 44935 | G12: 4819000 | H12: K | I12: Renovasi Messroom dan Ruang Kantor KMP. Tuna Tomini | J12: Teknik/Alif | K12: BARANG TEKNIK | L12: JASA PEMELIHARAAN | M12: 44935 | N12: PENGADAAN LANGSUNG | O12: Aditia | P12: 5300006078 | Q12: SPB/J.006/PPBJ/UM.201/ASDP-LWK/2023 | R12: 44936 | S12: Koperasi Jasa Karyawan Tanjung Sejahtera | T12: 02.119.857.7-832.000 | U12: Jl. Tan Malaka No. 15, Keraton, Luwuk, Banggai | V12: 4819000 | W12: =V12+(V12*11%) -> 5349090 | X12: TUNA TOMINI
B13: 5 | C13: 2000019655 | D13: 3000019579 | E13: SPPB/J No. 008/SPPB-UM/ASDP-LWK/2023 | F13: 44935 | G13: 2300000 | H13: K | I13: Perbaikan Radar KMP. Tuna Tomini | J13: Teknik/Alif | K13: BARANG TEKNIK | L13: JASA PEMELIHARAAN | M13: 44935 | N13: PENGADAAN LANGSUNG | O13: Aditia | P13: 5300006209 | Q13: SPB/J.007/PPBJ/UM.201/ASDP-LWK/2023 | R13: 44936 | S13: Koperasi Jasa Karyawan Tanjung Sejahtera | T13: 02.119.857.7-832.000 | U13: Jl. Tan Malaka No. 15, Keraton, Luwuk, Banggai | V13: 2300000 | W13: =V13+(V13*11%) -> 2553000 | X13: TUNA TOMINI
B14: 6 | C14: 2000019793 | D14: 3000197001 | E14: SPPB/J No. 013/SPPB-UM/ASDP-LWK/2023 | F14: 44942 | G14: 10900000 | H14: K | I14: Pengadaan Perlengkapan Kapal | J14: Teknik/Alif | K14: BARANG TEKNIK | L14: PERALATAN | M14: 44942 | N14: PENGADAAN LANGSUNG | O14: Aditia | P14: 5300006265 | Q14: SPB/J.010/PPBJ/UM.201/ASDP-LWK/2023 | R14: 44943 | S14: Koperasi Jasa Karyawan Tanjung Sejahtera | T14: 02.119.857.7-832.000 | U14: Jl. Tan Malaka No. 15, Keraton, Luwuk, Banggai | V14: 10900000 | W14: =V14+(V14*11%) -> 12099000 | X14: CENGKIH AFO
B15: 7 | C15: 2000019794 | D15: 3000019703 | E15: SPPB/J No. 009/SPPB-UM/ASDP-LWK/2023 | F15: 44936 | G15: 1800000 | H15: K | I15: Perbaikan AC KMP. Cengkih Afo | J15: Teknik/Alif | K15: BARANG TEKNIK | L15: JASA PEMELIHARAAN | M15: 44936 | N15: PENGADAAN LANGSUNG | O15: Aditia | P15: 5300006267 | Q15: SPB/J.008/PPBJ/UM.201/ASDP-LWK/2023 | R15: 44947 | S15: Koperasi Jasa Karyawan Tanjung Sejahtera | T15: 02.119.857.7-832.000 | U15: Jl. Tan Malaka No. 15, Keraton, Luwuk, Banggai | V15: 1800000 | W15: =V15+(V15*11%) -> 1998000 | X15: CENGKIH AFO
B16: 8 | C16: 2000020691 | D16: 3000020722 | E16: No. 14/SPPB-TNK/ASDP-LWK-2023 | F16: 44942 | G16: 510439500 | H16: K | I16: Docking Repair KMP. Dolosi Tahun 2023 | J16: Teknik/Irwan | K16: JASA TEKNIK | L16: JASA PEMELIHARAAN | M16: 44946 | N16: PENUNJUKAN LANGSUNG | O16: Aditia | P16: 5200012194 | Q16: Sperj.01/HK.201/II/ASDP-LWK/2023 | R16: 44958 | S16: PT. Unggul Sejati Abadi | T16: 01.923.649.6-823.000 | U16: Kel. Pateten, Pateten Satu, Bitung | V16: 449775000 | W16: =V16+(V16*11%) -> 499250250 | X16: DOLOSI
B17: 9 | C17: 2000020045 | D17: 3000019929 | E17: SPPB/ No. 144/SPPB-TNK/ASDP-LWK/2023 | F17: 44956 | G17: 186800000 | H17: K | I17: Pembelian BBM Industri dalam rangka Docking KMP. Dolosi | J17: Usaha/Ade Buay | K17: BARANG USAHA | L17: BBM DOCKING | M17: 44956 | N17: PENGADAAN LANGSUNG | O17: Aditia | P17: 5300006406 | Q17: SPB/J.26/UM.201/ASDP-LWK/2023 | R17: 44957 | S17: Sinergi Energi Nusantara | T17: 91.691.694.3-831.000 | U17: Jl. Poros Palu Kulawi | V17: 186800000 | W17: =V17+(V17*11%) -> 207348000 | X17: DOLOSI
B18: 10 | C18: 2000020047 | D18: 3000020002 | E18: SPPB/J No. 13A/SPPB-UM/ASDP-LWK/2023 | F18: 44942 | G18: 920000 | H18: K | I18: Pengadaan Filter Oli KMP. Moinit | J18: Teknik/Alif | K18: BARANG TEKNIK | L18: PERALATAN | M18: 44942 | N18: PENGADAAN LANGSUNG | O18: Aditia | P18: 5300006441 | Q18: SPB/J.10B/PPBJ/UM.201/ASDP-LWK/2023 | R18: 44943 | S18: Koperasi Jasa Karyawan Tanjung Sejahtera | T18: 02.119.857.7-832.000 | U18: Jl. Tan Malaka No. 15, Keraton, Luwuk, Banggai | V18: 920000 | W18: =V18+(V18*11%) -> 1021200 | X18: MOINIT
B19: 11 | C19: 2000020048 | D19: 3000020003 | E19: SPPB/J No. 13B/SPPB-UM/ASDP-LWK/2023 | F19: 44942 | G19: 5000000 | H19: K | I19: Pengadaan Impeller KMP. Dolosi | J19: Teknik/Alif | K19: BARANG TEKNIK | L19: PERALATAN | M19: 44942 | N19: PENGADAAN LANGSUNG | O19: Aditia | P19: 5300006442 | Q19: SPB/J.10C/PPBJ/UM.201/ASDP-LWK/2023 | R19: 44943 | S19: Koperasi Jasa Karyawan Tanjung Sejahtera | T19: 02.119.857.7-832.000 | U19: Jl. Tan Malaka No. 15, Keraton, Luwuk, Banggai | V19: 5000000 | W19: =V19+(V19*11%) -> 5550000 | X19: DOLOSI
B20: 12 | C20: 2000020049 | D20: 3000020004 | E20: SPPB/J No. 14A/SPPB-UM/ASDP-LWK/2023 | F20: 44942 | G20: 2100000 | H20: K | I20: Pengadaan terpal KMP. Moinit | J20: Teknik/Alif | K20: BARANG TEKNIK | L20: PERALATAN | M20: 44942 | N20: PENGADAAN LANGSUNG | O20: Aditia | P20: 5300006443 | Q20: SPB/J.10A/PPBJ/UM.201/ASDP-LWK/2023 | R20: 44943 | S20: Koperasi Jasa Karyawan Tanjung Sejahtera | T20: 02.119.857.7-832.000 | U20: Jl. Tan Malaka No. 15, Keraton, Luwuk, Banggai | V20: 2100000 | W20: =V20+(V20*11%) -> 2331000 | X20: MOINIT
B21: 13 | C21: 2000020120 | D21: 3000020008 | E21: SPPB/J No. 14B/SPPB-UM/ASDP-LWK/2023 | F21: 44942 | G21: 5000000 | H21: K | I21: Pengadaan Impeller KMP. Tanjung Api | J21: Teknik/Alif | K21: BARANG TEKNIK | L21: PERALATAN | M21: 44942 | N21: PENGADAAN LANGSUNG | O21: Aditia | P21: 5300006445 | Q21: SPB/J.10D/PPBJ/UM.201/ASDP-LWK/2023 | R21: 44943 | S21: Koperasi Jasa Karyawan Tanjung Sejahtera | T21: 02.119.857.7-832.000 | U21: Jl. Tan Malaka No. 15, Keraton, Luwuk, Banggai | V21: 5000000 | W21: =V21+(V21*11%) -> 5550000 | X21: TANJUNG API
B22: 14 | C22: 2000020121 | D22: 3000020010 | E22: SPPB/J No. 016/SPPB-UM/ASDP-LWK/2023 | F22: 44932 | G22: 32200000 | H22: K | I22: Pengadaan Peralatan Mesin KMP. Tanjung Api | J22: Teknik/Alif | K22: BARANG TEKNIK | L22: PERALATAN | M22: 44932 | N22: PENGADAAN LANGSUNG | O22: Aditia | P22: 5300006447 | Q22: SPB/J.016/PPBJ/UM.201/ASDP-LWK/2023 | R22: 44933 | S22: Koperasi Jasa Karyawan Tanjung Sejahtera | T22: 02.119.857.7-832.000 | U22: Jl. Tan Malaka No. 15, Keraton, Luwuk, Banggai | V22: 32200000 | W22: =V22+(V22*11%) -> 35742000 | X22: TANJUNG API
B23: 15 | C23: 2000020122 | D23: 3000020011 | E23: SPPB/J No. 42/SPPB-UM/ASDP-LWK/2023 | F23: 44952 | G23: 8100000 | H23: K | I23: Pengadaan Kipas Angin KMP. Teluk Tolo | J23: Teknik/Alif | K23: BARANG TEKNIK | L23: PERALATAN | M23: 44952 | N23: PENGADAAN LANGSUNG | O23: Aditia | P23: 5300006448 | Q23: SPB/J.24/PPBJ/UM.201/ASDP-LWK/2023 | R23: 44953 | S23: Koperasi Jasa Karyawan Tanjung Sejahtera | T23: 02.119.857.7-832.000 | U23: Jl. Tan Malaka No. 15, Keraton, Luwuk, Banggai | V23: 8100000 | W23: =V23+(V23*11%) -> 8991000 | X23: TELUK TOLO
... B25: 18 | C25: 2000020421 | D25: 3000050315 | E25: SPPB/J No. 31/SPPB-TNK/ASDP-LWK/2023 | F25: 44928 | G25: 14191000 | H25: K | I25: Permesinan dan Kelistrikan Kapal | J25: Teknik/Alif | K25: BARANG TEKNIK | L25: PERALATAN | M25: 44928 | N25: PENGADAAN LANGSUNG | O25: Aditia | P25: 5300006591 | Q25: SPB/J.31/PPBJ/UM.201/ASDP-LWK/2023 | R25: 44929 | S25: Koperasi Jasa Karyawan Tanjung Sejahtera | T25: 02.119.857.7-832.000 | U25: Jl. Tan Malaka No. 15, Keraton, Luwuk, Banggai | V25: 14191000 | W25: =V25+(V25*11%) -> 15752010 | X25: CENGKIH AFO
B26: 19 | C26: 2000020406 | D26: 3000020341 | E26: SPPB/J No. 015/SPPB-TNK/ASDP-LWK/2023 | F26: 44931 | G26: 81612000 | H26: K | I26: Permintaan Kebutuhan Minyak Pelumas Bulan Januari | J26: Teknik/Alif | K26: BARANG TEKNIK | L26: PELUMAS KAPAL | M26: 44931 | N26: PENGADAAN LANGSUNG | O26: Aditia | P26: 5300006600 | Q26: SPB/J.015/PPBJ/UM.201/ASDP-LWK/2023 | R26: 44932 | S26: Pelumas Indo Prima Gemilang | T26: 01.630.355.4-831.000 | U26: Jl. Sungai Wera No. 2, Ujuna | V26: 81612000 | W26: =V26+(V26*11%) -> 90589320 | X26: =W26/6 -> 15098220
B27: 22 | C27: 2000020861 | D27: 3000020763 | E27: SPPB/J No. 20/SPPB-TNK/ASDP-LWK/2023 | F27: 44950 | G27: 3500000 | H27: K | I27: Permesinan dan Kelistrikan kapal | J27: Teknik/Alif | K27: BARANG TEKNIK | L27: PERALATAN | M27: 44950 | N27: PENGADAAN LANGSUNG | O27: Aditia | P27: 5300006863 | Q27: SPB/J No. 14/PPBJ/UM.201/I/ASDP-LWK/2023 | R27: 44951 | S27: UD. IYONO | T27: 07.049.384.6-832.000 | U27: Jl. Jend. Sudirman No. 68 | V27: 3500000 | W27: =V27+(V27*11%) -> 3885000 | X27: MOINIT
B28: 23 | C28: 2000020860 | D28: 3000020764 | E28: SPPB/J No. 21/SPPB-TNK/ASDP-LWK/2023 | F28: 44950 | G28: 3500000 | H28: K | I28: Permesinan dan Kelistrikan kapal | J28: Teknik/Alif | K28: BARANG TEKNIK | L28: PERALATAN | M28: 44950 | N28: PENGADAAN LANGSUNG | O28: Aditia | P28: 5300006864 | Q28: SPB/J No. 15/PPBJ/UM.201/I/ASDP-LWK/2023 | R28: 44951 | S28: UD. IYONO | T28: 07.049.384.6-832.000 | U28: Jl. Jend. Sudirman No. 69 | V28: 3500000 | W28: =V28+(V28*11%) -> 3885000 | X28: MOINIT
B29: 24 | C29: 2000020756 | D29: 3000020759 | E29: SPPB/J No. 34/SPPB-TNK/ASDP-LWK/2023 | F29: 44942 | G29: 10455000 | H29: K | I29: Pengadaan Alat Kerja Deck Dalam Rangka Docking Tahun 2023 | J29: Teknik/Alif | K29: BARANG TEKNIK | L29: PERALATAN | M29: 44942 | N29: PENGADAAN LANGSUNG | O29: Aditia | P29: 5300006859 | Q29: SPB/J No. 16/PPBJ/UM.201/I/ASDP-LWK/2023 | R29: 44943 | S29: UD. IYONO | T29: 07.049.384.6-832.000 | U29: Jl. Jend. Sudirman No. 70 | V29: 10455000 | W29: =V29+(V29*11%) -> 11605050 | X29: DOLOSI
B30: 25 | C30: 2000020757 | D30: 3000020761 | E30: SPPB/J No. 35/SPPB-TNK/ASDP-LWK/2023 | F30: 44942 | G30: 18538000 | H30: K | I30: Pengadaan Alat Kerja Mesin Dalam Rangka Docking Tahun 2023 | J30: Teknik/Alif | K30: BARANG TEKNIK | L30: PERALATAN | M30: 44942 | N30: PENGADAAN LANGSUNG | O30: Aditia | P30: 5300006860 | Q30: SPB/J No. 17/PPBJ/UM.201/I/ASDP-LWK/2023 | R30: 44943 | S30: UD. IYONO | T30: 07.049.384.6-832.000 | U30: Jl. Jend. Sudirman No. 71 | V30: 18538000 | W30: =V30+(V30*11%) -> 20577180 | X30: DOLOSI
B31: 26 | C31: 2000021553 | D31: 3000021400 | E31: SPPB/J No. 016/SPPB-TNK/ASDP-LWK/2023 | F31: 44946 | G31: 71400000 | H31: K | I31: Pengadaan Cat AGA KMP. Dolosi | J31: Teknik/Alif | K31: BARANG TEKNIK | L31: PERALATAN | M31: 44946 | N31: PENGADAAN LANGSUNG | O31: Aditia | P31: 5300007237 | Q31: SPB/J No. 012/PPBJ/UM.201/I/ASDP-LWK/2023 | R31: 44947 | S31: CV. OMI Indah Permai | T31: 92.779.186.3-804.000 | U31: Jl. Tanjung Bunga No. 38B | V31: 71400000 | W31: =V31+(V31*11%) -> 79254000 | X31: DOLOSI
B32: 27 | C32: 2000021554 | D32: 3000021401 | E32: SPPB/J No. 015/SPPB-TNK/ASDP-LWK/2023 | F32: 44946 | G32: 40920000 | H32: K | I32: Pengadaan cat BGA KMP. Dolosi | J32: Teknik/Alif | K32: BARANG TEKNIK | L32: PERALATAN | M32: 44946 | N32: PENGADAAN LANGSUNG | O32: Aditia | P32: 5300007238 | Q32: SPB/J No. 011/PPBJ/UM.201/I/ASDP-LWK/2023 | R32: 44947 | S32: CV. OMI Indah Permai | T32: 92.779.186.3-804.000 | U32: Jl. Tanjung Bunga No. 38B | V32: 40920000 | W32: =V32+(V32*11%) -> 45421200 | X32: DOLOSI
B33: 28 | C33: 2000021555 | D33: 3000021403 | E33: SPPB/J No. 017/SPPB-TNK/ASDP-LWK/2023 | F33: 44950 | G33: 13260000 | H33: K | I33: Pengadaan Cat Kamar Mesin KMP. Dolosi | J33: Teknik/Alif | K33: BARANG TEKNIK | L33: PERALATAN | M33: 44950 | N33: PENGADAAN LANGSUNG | O33: Aditia | P33: 5300007239 | Q33: SPB/J No. 013/PPBJ/UM.201/I/ASDP-LWK/2023 | R33: 44951 | S33: CV. OMI Indah Permai | T33: 92.779.186.3-804.000 | U33: Jl. Tanjung Bunga No. 38B | V33: 13260000 | W33: =V33+(V33*11%) -> 14718600 | X33: DOLOSI
B34: 29 | C34: 2000021508 | D34: 3000021409 | E34: SPPB/J No. 037/SPPB-TNK/ASDP-LWK/2023 | F34: 44951 | G34: 55225000 | H34: K | I34: Pengadaan Suku Cadang Mesin Induk KMP. Dolosi | J34: Teknik/Alif | K34: BARANG TEKNIK | L34: SUKU CADANG | M34: 44951 | N34: PENGADAAN LANGSUNG | O34: Aditia | P34: 5300007244 | Q34: SPB/J No. 019/PPBJ/UM.201/I/ASDP-LWK/2023 | R34: 44952 | S34: PT. Global Trading | T34: 02.106.498.5-043.000 | U34: Ruko Vila Gading Indah Blok A2/2, Kelapa Gading | V34: 55225000 | W34: =V34+(V34*11%) -> 61299750 | X34: DOLOSI
V35: =SUM(V10:V34) -> 1067206500 | W35: =SUM(W10:W34) -> 1184599215
V36: Efisiensi | W36: 0.0501
U38: Luwuk, 31 Januari 2023
U39: Mengetahui
U40: Manager SDM, Keuangan, dan SCM
U45: Muchlis Burhanuddin

Sheet FEBRUARI
K3: PT. ASDP INDONESIA FERRY (PERSERO) CABANG: LUWUK REGIONAL : IV
K5: DAFTAR SPPBJ S/D KONTRAK PERIODE : FEBRUARI 2023
B7: NO | C7: NOMOR PR | D7: NOMOR RFQ | E7: NOMOR SPPBJ | F7: TANGGAL SPPBJ/PR | G7: NILAI (RP) SPPBJ/PR (BLM PPN) | H7: ACC ASSIGMENT | I7: NAMA PEKERJAAN | J7: USER (PEMAKAI) | K7: KELOMPOK BARANG/JASA (SESUAI SAP) | L7: MATERIAL GROUP (SESUAI SAP) | M7: TGL SPPBJ/PR DITERIMA UNIT PBJ | N7: METODE PBJ | O7: PIC PBJ | P7: NOMOR PO | Q7: NOMOR PERJANJIAN | R7: TANGGAL PERJANJIAN | S7: DATA MITRA KERJA | V7: NILAI PERJANJIAN (SEBELUM PPN) RP | W7: SELISIH NILAI PERJANJIAN DENGAN NILAI SPPBJ (SEBELUM PPN)
S8: NAMA PERUSAHAAN | T8: NPWP | U8: ALAMAT | W8: (6-21)
B9: 1 | C9: 2 | D9: 3 | E9: 4 | F9: 5 | G9: 6 | H9: 7 | I9: 8 | J9: 9 | K9: 10 | L9: 11 | M9: 12 | N9: 13 | O9: 14 | P9: 15 | Q9: 16 | R9: 17 | S9: 18 | T9: 19 | U9: 20 | V9: 21 | W9: 22
B10: 2 | C10: 2000020631 | D10: 3000020537 | E10: SPPB/J No. 63/SPPB-TNK/ASDP-LWK/2023 | F10: 44964 | G10: 21220000 | H10: K | I10: Perbaikan Peralatan Mesin KMP. Dolosi | J10: Teknik/Alif | K10: BARANG TEKNIK | L10: PERALATAN | M10: 44964 | N10: PENGADAAN LANGSUNG | O10: Aditia | P10: 5300006726 | Q10: SPB/J No. 38/PPBJ/UM.201/II/ASDP-LWK/2023 | R10: 44965 | S10: CV. Rizky Mandiri Perkasa | T10: 85.531.485.2-832.000 | U10: JL. AWU, LUWUK,BANGGAI | V10: 21220000 | W10: =V10+(V10*11%) -> 23554200 | X10: DOLOSI | Y10: =W10+W16+W27+W28+W29+W30+W34+W37+W39 -> 587579610
B11: 3 | C11: 2000020632 | D11: 3000020539 | E11: SPPB/J No. 66/SPPB-UM/ASDP-LWK/2023 | F11: 44966 | G11: 3800000 | H11: K | I11: Pengadaan Charge ACCU KMP. Tanjung Api | J11: Teknik/Alif | K11: BARANG TEKNIK | L11: PERALATAN | M11: 44966 | N11: PENGADAAN LANGSUNG | O11: Aditia | P11: 5300006727 | Q11: SPB/J No. 41/PPBJ/UM.201/II/ASDP-LWK/2023 | R11: 44967 | S11: Koperasi Jasa Karyawan Tanjung Sejahtera | T11: 02.119.857.7-832.000 | U11: Jl. Tan Malaka No. 15, Keraton, Luwuk, Banggai | V11: 3800000 | W11: =V11+(V11*11%) -> 4218000 | X11: TANJUNG API
B12: 4 | C12: 2000020633 | D12: 3000020540 | E12: SPPB/J No. 65/SPPB-UM/ASDP-LWK/2023 | F12: 44966 | G12: 1300000 | H12: K | I12: Pengadaan Filter KMP. Tanjung Api | J12: Teknik/Alif | K12: BARANG TEKNIK | L12: PERALATAN | M12: 44966 | N12: PENGADAAN LANGSUNG | O12: Aditia | P12: 5300006728 | Q12: SPB/J No. 40/PPBJ/UM.201/II/ASDP-LWK/2023 | R12: 44967 | S12: Koperasi Jasa Karyawan Tanjung Sejahtera | T12: 02.119.857.7-832.000 | U12: Jl. Tan Malaka No. 15, Keraton, Luwuk, Banggai | V12: 1300000 | W12: =V12+(V12*11%) -> 1443000 | X12: TANJUNG API
B13: 5 | C13: 2000020894 | D13: 3000020814 | E13: SPPB/J No. 70/SPPB-UM/ASDP-LWK/2023 | F13: 44971 | G13: 5100000 | H13: K | I13: Pengadaan HT KMP. Dolosi | J13: Teknik/Alif | K13: BARANG TEKNIK | L13: PERALATAN | M13: 44971 | N13: PENGADAAN LANGSUNG | O13: Aditia | P13: 5300006893 | Q13: SPB/J No. 44/PPBJ/UM.201/II/ASDP-LWK/2023 | R13: 44972 | S13: Koperasi Jasa Karyawan Tanjung Sejahtera | T13: 02.119.857.7-832.000 | U13: Jl. Tan Malaka No. 15, Keraton, Luwuk, Banggai | V13: 5100000 | W13: =V13+(V13*11%) -> 5661000 | X13: DOLOSI
B14: 6 | C14: 2000020895 | D14: 3000020817 | E14: SPPB/J No. 71/SPPB-UM/ASDP-LWK/2023 | F14: 44972 | G14: 10200000 | H14: K | I14: Pengadaan Charger Accu A dan Charger Accu KMP. Tanjung Api | J14: Teknik/Alif | K14: BARANG TEKNIK | L14: PERALATAN | M14: 44972 | N14: PENGADAAN LANGSUNG | O14: Aditia | P14: 5300006896 | Q14: SPB/J No. 45/PPBJ/UM.201/II/ASDP-LWK/2023 | R14: 44973 | S14: Koperasi Jasa Karyawan Tanjung Sejahtera | T14: 02.119.857.7-832.000 | U14: Jl. Tan Malaka No. 15, Keraton, Luwuk, Banggai | V14: 10200000 | W14: =V14+(V14*11%) -> 11322000 | X14: TANJUNG API
B15: 7 | C15: 2000021076 | D15: 3000021015 | E15: SPPB/J No. 72/SPPB-TNK/ASDP-LWK/2023 | F15: 44973 | G15: 8928000 | H15: K | I15: Pengadaan Filter KMP. Moinit | J15: Teknik/Alif | K15: BARANG TEKNIK | L15: PERALATAN | M15: 44973 | N15: PENGADAAN LANGSUNG | O15: Aditia | P15: 5300007023 | Q15: SPB/J No. 46/PPBJ/UM.201/II/ASDP-LWK/2023 | R15: 44974 | S15: PT. Baracuda Bintang Sentosa | T15: 92.627.756.7-075.000 | U15: Jl. Taman Sari Raya No. 77G | V15: 8928000 | W15: =V15+(V15*11%) -> 9910080 | X15: MOINIT
B16: 8 | C16: 2000021077 | D16: 3000021016 | E16: SPPB/J No. 61/SPPB-TNK/ASDP-LWK/2023 | F16: 44964 | G16: 6240000 | H16: K | I16: Pengadaan Alumunium Anode Dalam Rangka Docking Tahun 2023 KMP. Dolosi | J16: Teknik/Alif | K16: BARANG TEKNIK | L16: PERALATAN | M16: 44964 | N16: PENGADAAN LANGSUNG | O16: Aditia | P16: 5300007024 | Q16: SPB/J No. 36/PPBJ/UM.201/II/ASDP-LWK/2023 | R16: 44965 | S16: PT. Makmur Marina Metalindo | V16: 6240000 | W16: =V16+(V16*11%) -> 6926400 | X16: DOLOSI
B17: 9 | C17: 2000021057 | D17: 3000021002 | E17: SPPB/J No. 77/SPPB-TNK/ASDP-LWK/2023 | F17: 44979 | G17: 7800000 | H17: K | I17: Permesinan dan Kelistrikan Kapal KMP. Tuna Tomini | J17: Teknik/Alif | K17: BARANG TEKNIK | L17: PERALATAN | M17: 44979 | N17: PENGADAAN LANGSUNG | O17: Aditia | P17: 5300007006 | Q17: SPB/J No. 51/PPBJ/UM.201/II/ASDP-LWK/2023 | R17: 44980 | S17: CV. Rizky Mandiri Perkasa | T17: 85.531.485.2-832.000 | U17: JL. AWU, LUWUK,BANGGAI | V17: 7800000 | W17: =V17+(V17*11%) -> 8658000 | X17: TUNA TOMINI
B18: 10 | C18: 2000021058 | D18: 3000021003 | E18: SPPB/J No. 82/SPPB-UM/ASDP-LWK/2023 | F18: 44979 | G18: 4900000 | H18: K | I18: Pengadaan Braket Panel Induk KMP. Tuna Tomini | J18: Teknik/Alif | K18: BARANG TEKNIK | L18: PERALATAN | M18: 44979 | N18: PENGADAAN LANGSUNG | O18: Aditia | P18: 5300007008 | Q18: SPB/J No. 56/PPBJ/UM.201/II/ASDP-LWK/2023 | R18: 44980 | S18: Koperasi Jasa Karyawan Tanjung Sejahtera | T18: 02.119.857.7-832.000 | U18: Jl. Tan Malaka No. 15, Keraton, Luwuk, Banggai | V18: 4900000 | W18: =V18+(V18*11%) -> 5439000 | X18: TUNA TOMINI
B19: 11 | C19: 2000021059 | D19: 3000021005 | E19: SPPB/J No. 73/SPPB-TNK/ASDP-LWK/2023 | F19: 6692390 | G19: 7300000 | H19: K | I19: Pengadaan Oli Kapal KMP. Tuna Tomini | J19: Teknik/Alif | K19: BARANG TEKNIK | L19: PELUMAS KAPAL | M19: 6692390 | N19: PENGADAAN LANGSUNG | O19: Aditia | P19: 5300007010 | Q19: SPB/J No. 47/PPBJ/UM.201/II/ASDP-LWK/2023 | R19: 44978 | S19: CV. Rizky Mandiri Perkasa | T19: 85.531.485.2-832.000 | U19: JL. AWU, LUWUK,BANGGAI | V19: 7300000 | W19: =V19+(V19*11%) -> 8103000 | X19: TUNA TOMINI
B20: 12 | C20: 2000021070 | D20: 3000021006 | E20: SPPB/J No. 78/SPPB-TNK/ASDP-LWK/2023 | F20: 44979 | G20: 7800000 | H20: K | I20: Permesinan dan Kelistrikan Kapal KMP. Tanjung Api | J20: Teknik/Alif | K20: BARANG TEKNIK | L20: PERALATAN | M20: 44979 | N20: PENGADAAN LANGSUNG | O20: Aditia | P20: 5300007012 | Q20: SPB/J No. 52/PPBJ/UM.201/II/ASDP-LWK/2023 | R20: 44980 | S20: CV. Rizky Mandiri Perkasa | T20: 85.531.485.2-832.000 | U20: JL. AWU, LUWUK,BANGGAI | V20: 7800000 | W20: =V20+(V20*11%) -> 8658000 | X20: TANJUNG API
B21: 13 | C21: 2000021071 | D21: 3000021009 | E21: SPPB/J No. 75/SPPB-UM/ASDP-LWK/2023 | F21: 6692390 | G21: 1200000 | H21: K | I21: Perbaikan Charger ACCU KMP. Tanjung Api | J21: Teknik/Alif | K21: BARANG TEKNIK | L21: PERALATAN | M21: 6692390 | N21: PENGADAAN LANGSUNG | O21: Aditia | P21: 5300007013 | Q21: SPB/J No. 49/PPBJ/UM.201/II/ASDP-LWK/2023 | R21: 44978 | S21: Koperasi Jasa Karyawan Tanjung Sejahtera | T21: 02.119.857.7-832.000 | U21: Jl. Tan Malaka No. 15, Keraton, Luwuk, Banggai | V21: 1200000 | W21: =V21+(V21*11%) -> 1332000 | X21: TANJUNG API
B22: 14 | C22: 2000021072 | D22: 3000021010 | E22: SPPB/J No. 74/SPPB-UM/ASDP-LWK/2023 | F22: 6692390 | G22: 1400000 | H22: K | I22: Perbaikan Peralatan KMP. Moinit | J22: Teknik/Alif | K22: BARANG TEKNIK | L22: JASA PEMELIHARAAN | M22: 6692390 | N22: PENGADAAN LANGSUNG | O22: Aditia | P22: 5300007016 | Q22: SPB/J No. 48/PPBJ/UM.201/II/ASDP-LWK/2023 | R22: 44978 | S22: Koperasi Jasa Karyawan Tanjung Sejahtera | T22: 02.119.857.7-832.000 | U22: Jl. Tan Malaka No. 15, Keraton, Luwuk, Banggai | V22: 1400000 | W22: =V22+(V22*11%) -> 1554000 | X22: MOINIT
B23: 15 | C23: 2000021073 | D23: 3000021012 | E23: SPPB/J No. 59/SPPB-TNK/ASDP-LWK/2023 | F23: 44963 | G23: 4468000 | H23: K | I23: Pengadaan Filter KMP. Teluk Tolo | J23: Teknik/Alif | K23: BARANG TEKNIK | L23: SUKU CADANG KAPAL | M23: 44963 | N23: PENGADAAN LANGSUNG | O23: Aditia | P23: 5300007017 | Q23: SPB/J No. 34/PPBJ/UM.201/II/ASDP-LWK/2023 | R23: 44964 | S23: PT. Baracuda Bintang Sentosa | T23: 92.627.756.7-075.000 | U23: Jl. Taman Sari Raya No. 77G | V23: 4468000 | W23: =V23+(V23*11%) -> 4959480 | X23: TELUK TOLO
B24: 16 | C24: 2000021074 | D24: 3000021013 | E24: SPPB/J No. 57/SPPB-TNK/ASDP-LWK/2023 | F24: 44963 | G24: 8280000 | H24: K | I24: Pengadaan ME dan AE KMP. Tuna Tomini | J24: Teknik/Alif | K24: BARANG TEKNIK | L24: SUKU CADANG KAPAL | M24: 44963 | N24: PENGADAAN LANGSUNG | O24: Aditia | P24: 5300007021 | Q24: SPB/J No. 32/PPBJ/UM.201/II/ASDP-LWK/2023 | R24: 44964 | S24: PT. Baracuda Bintang Sentosa | T24: 92.627.756.7-075.000 | U24: Jl. Taman Sari Raya No. 77G | V24: 8280000 | W24: =V24+(V24*11%) -> 9190800 | X24: TUNA TOMINI
B25: 17 | C25: 2000021075 | D25: 3000021014 | E25: SPPB/J No. 58/SPPB-TNK/ASDP-LWK/2023 | F25: 44963 | G25: 14280000 | H25: K | I25: Pengadaan Filter ME dan AE KMP. Tanjung Api | J25: Teknik/Alif | K25: BARANG TEKNIK | L25: PERALATAN | M25: 44963 | N25: PENGADAAN LANGSUNG | O25: Aditia | P25: 5300007022 | Q25: SPB/J No. 33/PPBJ/UM.201/II/ASDP-LWK/2023 | R25: 44964 | S25: PT. Baracuda Bintang Sentosa | T25: 92.627.756.7-075.000 | U25: Jl. Taman Sari Raya No. 77G | V25: 14280000 | W25: =V25+(V25*11%) -> 15850800 | X25: TANJUNG API
B26: 18 | C26: 2000021783 | D26: 3000021635 | E26: SPPB/J No. 64/SPPB-TNK/ASDP-LWK/2023 | F26: 44978 | G26: 505583000 | H26: K | I26: Docking Repair KMP. Cengkih Afo Tahun 2023 | J26: Teknik/Irwan | K26: JASA TEKNIK | L26: JASA PEMELIHARAAN | M26: 44979 | N26: PENGADAAN LANGSUNG | O26: Aditia | P26: 5200012546 | Q26: Sperj.03/HK.201/II/ASDP-LWK/2023 | R26: 44988 | S26: PT. Unggul Sejati Abadi | T26: 01.923.649.6-823.000 | U26: Kel. Pateten, Pateten Satu, Bitung | V26: 457480000 | W26: =V26+(V26*11%) -> 507802800 | X26: CENGKIH AFO
B27: 20 | C27: 2000021044 | D27: 3000021067 | E27: SPPB/J No. 89/SPPB-TNK/ASDP-LWK/20233 | F27: 44983 | G27: 186800000 | H27: K | I27: Pengadaan Bahan Bakar Minyak Industri Dalam Rangka Docking KMP. Cengkih Afo | J27: Usaha/Ade B | K27: BARANG USAHA | L27: BBM DOCKING | M27: 44983 | N27: PENUNJUKAN LANGSUNG | O27: Aditia | P27: 5300007057 | Q27: SPB/J No. 62/PPBJ/UM.201/II/ASDP-LWK/2023 | R27: 44984 | S27: PT. Sinergi Energi Nusantara | T27: 91.691.694.3-831.000 | U27: Jl. Poros Palu Kulawi | V27: 186800000 | W27: =V27+(V27*11%) -> 207348000 | X27: DOLOSI
B28: 22 | C28: 2000020421 | D28: 3000020315 | E28: SPPB/J No. 55/SPPB-UM/ASDP-LWK/2023 | F28: 44960 | G28: 14191000 | H28: K | I28: Permesinan dan Kelistrikan Kapal | J28: Teknik/Alif | K28: BARANG TEKNIK | L28: PERALATAN | M28: 44960 | N28: PENGADAAN LANGSUNG | O28: Aditia | P28: 5300006591 | Q28: SPB/J No. 31/PPBJ/UM.201/II/ASDP-LWK/2023 | R28: 44961 | S28: Koperasi Jasa Karyawan Tanjung Sejahtera | T28: 02.119.857.7-832.000 | U28: Jl. Tan Malaka No. 15, Keraton, Luwuk, Banggai | V28: 14191000 | W28: =V28+(V28*11%) -> 15752010 | X28: DOLOSI
... B35: 30 | C35: 2000021763 | D35: 3000021668 | E35: SPPB/J No. 84/SPPB-TNK/ASDP-LWK/2023 | F35: 44984 | G35: 3250000 | H35: K | I35: Permesinan dan Kelistrikan kapal | J35: Teknik/Alif | K35: BARANG TEKNIK | L35: PERALATAN | M35: 44984 | N35: PENGADAAN LANGSUNG | O35: Aditia | P35: 5300007405 | Q35: SPB/J No. 58/PPBJ/UM.201/II/ASDP-LWK/2023 | R35: 44985 | S35: CV. Bento Herlambang teknik | T35: 86.318.270.5-627.000 | U35: Jl. Ikan Pesut No. 25, Sobo, Banyuwangi | V35: 3250000 | W35: =V35+(V35*11%) -> 3607500 | X35: TELUK TOLO
B36: 31 | C36: 2000022063 | D36: 3000021896 | E36: SPPB/J No. 062/SPPB-TF/ASDP-LWK/2023 | F36: 44968 | G36: 179111088 | H36: K | I36: Pekerjaan Docking KMP. DOLOSI Tahun 2023 | J36: Teknik/Alif | K36: JASA TEKNIK | L36: JASA PEMELIHARAAN | M36: 44968 | N36: PENGADAAN LANGSUNG | O36: Aditia | P36: 5300007526 | Q36: Sperj. 01A/HK.201/II/Add/ASDP-LWK/2023 | R36: 44972 | S36: PT. Unggul Sejati Abadi | T36: 01.923.649.6-823.000 | U36: Kel. Pateten, Pateten Satu, Bitung | W36: =V36+(V36*11%) -> 0 | X36: DOLOSI | Y36: =X36-G36 -> #VALUE!
B37: 32 | C37: 2000022156 | D37: 3000021959 | E37: SPPB/J No. 85/SPPB-TNK/ASDP-LWK/2023 | F37: 44984 | G37: 44800000 | H37: K | I37: Permesinan dan Kelistrikan Kapal | J37: Teknik/Alif | K37: BARANG TEKNIK | L37: PERALATAN | M37: 44984 | N37: PENGADAAN LANGSUNG | O37: Aditia | P37: 5300007579 | Q37: SPB/J No. 85/PPBJ/UM.201/II/ASDP-LWK/2023 | R37: 44986 | S37: CV. Bento Herlambang Teknik | T37: 86.318.270.5-627.000 | U37: Jl. Ikan Pesut No. 25, Sobo, Banyuwangi | V37: 44800000 | W37: =V37+(V37*11%) -> 49728000 | X37: DOLOSI
B38: 33 | C38: 2000022259 | D38: 3000022102 | E38: SPPB/J No. 56/SPPB-TNK/ASDP-LWK/2023 | F38: 44959 | G38: 5028000 | H38: K | I38: Pengadaan Filter KMP. Tuna Tomini | J38: Teknik/Alif | K38: BARANG TEKNIK | L38: PERALATAN | M38: 44960 | N38: PENGADAAN LANGSUNG | O38: Aditia | P38: 5300007662 | Q38: SPB/J No. 30/PPBJ/UM.201/II/ASDP-LWK/2023 | R38: 44960 | S38: PT. Pioneer | T38: 01.313.974.6-073.000 | U38: Jl. IR. H. Juanda No. 42, Jakarta | V38: 5028000 | W38: =V38+(V38*11%) -> 5581080 | X38: TUNA TOMINI
B39: 34 | C39: 2000022155 | D39: 3000021956 | E39: SPPB/J No. 63/SPPB-TNK/ASDP-LWK/2023 | F39: 44963 | G39: 54915000 | H39: K | I39: Pekerjaan Service ILR dan PMK KMP. Dolosi | J39: Teknik/Alif | K39: BARANG TEKNIK | L39: PERALATAN | M39: 44963 | N39: PENGADAAN LANGSUNG | O39: Aditia | P39: 5300007577 | Q39: SPB/J No. 39/PPBJ/UM.201/II/ASDP-LWK/2023 | R39: 44974 | S39: PT. Pascadana Puratama | T39: 01.760.570.0-024.000 | V39: 54915000 | W39: =V39+(V39*11%) -> 60955650 | X39: DOLOSI
V40: =SUM(V10:V39) -> 1206685000 | W40: =SUM(W10:W39) -> 1339420350
V41: Efisiensi | W41: 0.0754
U43: Luwuk, 28 Februari 2023
U44: Mengetahui
U45: Manager SDM, Keuangan, dan SCM
U50: Muchlis Burhanuddin

Sheet MARET
K3: PT. ASDP INDONESIA FERRY (PERSERO) CABANG: LUWUK REGIONAL : IV
K5: DAFTAR SPPBJ S/D KONTRAK PERIODE : MARET 2023
B7: NO | C7: NOMOR PR | D7: NOMOR RFQ | E7: NOMOR SPPBJ | F7: TANGGAL SPPBJ/PR | G7: NILAI (RP) SPPBJ/PR (BLM PPN) | H7: ACC ASSIGMENT | I7: NAMA PEKERJAAN | J7: USER (PEMAKAI) | K7: KELOMPOK BARANG/JASA (SESUAI SAP) | L7: MATERIAL GROUP (SESUAI SAP) | M7: TGL SPPBJ/PR DITERIMA UNIT PBJ | N7: METODE PBJ | O7: PIC PBJ | P7: NOMOR PO | Q7: NOMOR PERJANJIAN | R7: TANGGAL PERJANJIAN | S7: DATA MITRA KERJA | V7: NILAI PERJANJIAN (SEBELUM PPN) RP | W7: SELISIH NILAI PERJANJIAN DENGAN NILAI SPPBJ (SEBELUM PPN)
S8: NAMA PERUSAHAAN | T8: NPWP | U8: ALAMAT | W8: (6-21)
B9: 1 | C9: 2 | D9: 3 | E9: 4 | F9: 5 | G9: 6 | H9: 7 | I9: 8 | J9: 9 | K9: 10 | L9: 11 | M9: 12 | N9: 13 | O9: 14 | P9: 15 | Q9: 16 | R9: 17 | S9: 18 | T9: 19 | U9: 20 | V9: 21 | W9: 22
B10: 1 | C10: 2000021586 | D10: 3000021484 | E10: SPPB/J No. 90/SPPB-UM/ASDP-LWK/2023 | F10: 44986 | G10: 17352500 | H10: K | I10: Akomodasi, Peralatan, dan Perlengkapan Kapal | J10: Teknik/Alif | K10: BARANG TEKNIK | L10: PERALATAN | M10: 44986 | N10: PENGADAAN LANGSUNG | O10: Aditia | P10: 5300007298 | Q10: SPB/J No. 65/PPBJ/UM.201/III/ASDP-LWK/2023 | R10: 44987 | S10: Koperasi Jasa Karyawan Tanjung Sejahtera | T10: 02.119.857.7-832.000 | U10: Jl. Tan Malaka No. 15, Keraton, Luwuk, Banggai | V10: 17352500 | W10: =V10+(V10*11%) -> 19261275 | X10: =X17 -> Cengkih Afo | Y10: =W10+W11+W17+W24+W22+W18+W28+X23 -> 275846655
B11: 2 | C11: 2000021587 | D11: 3000021485 | E11: SPPB/J No. 91/SPPB-UM/ASDP-LWK/2023 | F11: 44986 | G11: 14964000 | H11: K | I11: Permesinan dan Kelistrikan Kapal | J11: Teknik/Alif | K11: BARANG TEKNIK | L11: PERALATAN | M11: 44986 | N11: PENGADAAN LANGSUNG | O11: Aditia | P11: 5300007303 | Q11: SPB/J No. 66/PPBJ/UM.201/III/ASDP-LWK/2023 | R11: 44987 | S11: Koperasi Jasa Karyawan Tanjung Sejahtera | T11: 02.119.857.7-832.000 | U11: Jl. Tan Malaka No. 15, Keraton, Luwuk, Banggai | V11: 14964000 | W11: =V11+(V11*11%) -> 16610040 | X11: =X10 -> Cengkih Afo
B12: 3 | C12: 2000021600 | D12: 3000021411 | E12: SPPB/J No. 88/SPPB-TNK/ASDP-LWK/2023 | F12: 44986 | G12: 15058000 | H12: K | I12: Akomodasi, Peralatan, dan Perlengkapan Kapal | J12: Teknik/Alif | K12: BARANG TEKNIK | L12: PERALATAN | M12: 44986 | N12: PENGADAAN LANGSUNG | O12: Aditia | P12: 5300007247 | Q12: SPB/J No. 61/PPBJ/UM.201/III/ASDP-LWK/2023 | R12: 44987 | S12: Koperasi Jasa Karyawan Tanjung Sejahtera | T12: 02.119.857.7-832.000 | U12: Jl. Tan Malaka No. 15, Keraton, Luwuk, Banggai | V12: 15058000 | W12: =V12+(V12*11%) -> 16714380 | X12: =X20 -> Dolosi | Y12: =W12+W20+W21+X23 -> 99131880
B13: 5 | C13: 2000021743 | D13: 3000021620 | E13: SPPB/J No. 96/SPPB-TNK/ASDP-LWK/2023 | F13: 44988 | G13: 5250000 | H13: F | I13: Pengadaan Investasi Alat Keselamatan KMP. Tanjung Api | J13: Teknik/Alif | K13: BARANG TEKNIK | L13: PERALATAN | M13: 44989 | N13: PENGADAAN LANGSUNG | O13: Aditia | P13: 5300007384 | Q13: SPB/J No. 70/PPBJ/UM.201/III/ASDP-LWK/2023 | R13: 44991 | S13: CV. Rizky Mandiri Perkasa | T13: 85.531.485.2-832.000 | U13: JL. AWU, LUWUK,BANGGAI | V13: 4500000 | W13: =V13+(V13*11%) -> 4995000 | X13: =X19 -> Tanjung Api | Y13: =W13+W19+X23 -> 24364500
B14: 6 | C14: 2000021744 | D14: 3000021621 | E14: SPPB/J No. 94/SPPB-TNK/ASDP-LWK/2023 | F14: 44988 | G14: 10500000 | H14: F | I14: Pengadaan Investasi Alat Keselamatan KMP. Teluk Tolo | J14: Teknik/Alif | K14: BARANG TEKNIK | L14: PERALATAN | M14: 44989 | N14: PENGADAAN LANGSUNG | O14: Aditia | P14: 5000039727 | Q14: SPB/J No. 71/PPBJ/UM.201/III/ASDP-LWK/2023 | R14: 44991 | S14: CV. Rizky Mandiri Perkasa | T14: 85.531.485.2-832.000 | U14: JL. AWU, LUWUK,BANGGAI | V14: 9000000 | W14: =V14+(V14*11%) -> 9990000 | X14: Teluk Tolo | Y14: =W14+X23 -> 24697500
B15: 10 | C15: 2000021975 | D15: 3000021827 | E15: SPPB/J No. 92/UM.201/ASDP-LWK/2023 | F15: 44999 | G15: 1900000 | H15: K | I15: Pengadaan Perlengkapan KMP. Moinit | J15: Teknik/Alif | K15: BARANG TEKNIK | L15: PERALATAN | M15: 44999 | N15: PENGADAAN LANGSUNG | O15: Aditia | P15: 5300007484 | Q15: SPB/J No. 80/PPBJ/UM.201/III/ASDP-LWK/2023 | R15: 45000 | S15: Koperasi Jasa Karyawan Tanjung Sejahtera | T15: 02.119.857.7-832.000 | U15: Jl. Tan Malaka No. 15, Keraton, Luwuk, Banggai | V15: 1900000 | W15: =V15+(V15*11%) -> 2109000 | X15: Moinit | Y15: =W15+W25+W26+W27+X23 -> 133988100
B16: 11 | C16: 2000021976 | D16: 3000021828 | E16: SPPB/J No. 103/UM.201/ASDP-LWK/2023 | F16: 44999 | G16: 1900000 | H16: K | I16: Pengadaan Perlengkapan KMP. Tuna Tomini | J16: Teknik/Alif | K16: BARANG TEKNIK | L16: PERALATAN | M16: 44999 | N16: PENGADAAN LANGSUNG | O16: Aditia | P16: 5300007485 | Q16: SPB/J No. 81/PPBJ/UM.201/III/ASDP-LWK/2023 | R16: 45000 | S16: Koperasi Jasa Karyawan Tanjung Sejahtera | T16: 02.119.857.7-832.000 | U16: Jl. Tan Malaka No. 15, Keraton, Luwuk, Banggai | V16: 1900000 | W16: =V16+(V16*11%) -> 2109000 | X16: Tuna Tomini
B17: 12 | C17: 2000021977 | D17: 3000021829 | E17: SPPB/J No. 112/UM.201/ASDP-LWK/2023 | F17: 44986 | G17: 13261000 | H17: K | I17: Pengadaan Alat Kerja Deck KMP. Cengkih Afo Dalam Rangka Docking Tahun 2023 | J17: Teknik/Alif | K17: BARANG TEKNIK | L17: PERALATAN | M17: 44986 | N17: PENGADAAN LANGSUNG | O17: Aditia | P17: 5300007514 | Q17: SPB/J No. 90/PPBJ/UM.201/III/ASDP-LWK/2023 | R17: 44987 | S17: Koperasi Jasa Karyawan Tanjung Sejahtera | T17: 02.119.857.7-832.000 | U17: Jl. Tan Malaka No. 15, Keraton, Luwuk, Banggai | V17: 13261000 | W17: =V17+(V17*11%) -> 14719710 | X17: Cengkih Afo
B18: 13 | C18: 2000021993 | D18: 3000021831 | E18: SPPB/J No. 111/UM.201/ASDP-LWK/2023 | F18: 44986 | G18: 12426500 | H18: K | I18: Pengadaan Alat Kerja Mesin KMP. Cengkih Afo Dalam Rangka Docking Tahun 2023 | J18: Teknik/Alif | K18: BARANG TEKNIK | L18: PERALATAN | M18: 44986 | N18: PENGADAAN LANGSUNG | O18: Aditia | P18: 5300007488 | Q18: SPB/J No. 89/PPBJ/UM.201/III/ASDP-LWK/2023 | R18: 44987 | S18: Koperasi Jasa Karyawan Tanjung Sejahtera | T18: 02.119.857.7-832.000 | U18: Jl. Tan Malaka No. 15, Keraton, Luwuk, Banggai | V18: 12426500 | W18: =V18+(V18*11%) -> 13793415 | X18: =X17 -> Cengkih Afo
B19: 14 | C19: 2000021985 | D19: 3000021832 | E19: SPPB/J No. 101/UM.201/ASDP-LWK/2023 | F19: 44999 | G19: 4200000 | H19: K | I19: Pengadaan Peralatan Permesinan KMP. Tanjung Api | J19: Teknik/Alif | K19: BARANG TEKNIK | L19: PERALATAN | M19: 44999 | N19: PENGADAAN LANGSUNG | O19: Aditia | P19: 5300007489 | Q19: SPB/J No. 79/PPBJ/UM.201/III/ASDP-LWK/2023 | R19: 45000 | S19: Koperasi Jasa Karyawan Tanjung Sejahtera | T19: 02.119.857.7-832.000 | U19: Jl. Tan Malaka No. 15, Keraton, Luwuk, Banggai | V19: 4200000 | W19: =V19+(V19*11%) -> 4662000 | X19: Tanjung Api
B20: 15 | C20: 2000021954 | D20: 3000021833 | E20: SPPB/J No. 109/SPPB-TNK/ASDP-LWK/2023 | F20: 45000 | G20: 51000000 | H20: K | I20: Pemeliharaan Kapal Ro-ro | J20: Teknik/Alif | K20: JASA TEKNIK | L20: JASA PEMELIHARAAN | M20: 45000 | N20: PENGADAAN LANGSUNG | O20: Aditia | P20: 5300007490 | Q20: SPB/J No. 87/PPBJ/UM.201/III/ASDP-LWK/2023 | R20: 45001 | S20: CV. Rizky Mandiri Perkasa | T20: 85.531.485.2-832.000 | U20: JL. AWU, LUWUK,BANGGAI | V20: 51000000 | W20: =V20+(V20*11%) -> 56610000 | X20: =X21 -> Dolosi
B21: 16 | C21: 2000021994 | D21: 3000021839 | E21: SPPB/J No. 100/SPPB-TNK/ASDP-LWK/2023 | F21: 44994 | G21: 10000000 | H21: K | I21: Perbaikan Peralatan Mesin KMP. Dolosi Dalam Rangka Docking Tahun 2023 | J21: Teknik/Alif | K21: JASA TEKNIK | L21: JASA PEMELIHARAAN | M21: 44994 | N21: PENGADAAN LANGSUNG | O21: Aditia | P21: 5300007494 | Q21: SPB/J No. 76/PPBJ/UM.201/III/ASDP-LWK/2023 | R21: 44995 | S21: CV. Rizky Mandiri Perkasa | T21: 85.531.485.2-832.000 | U21: JL. AWU, LUWUK,BANGGAI | V21: 10000000 | W21: =V21+(V21*11%) -> 11100000 | X21: Dolosi
B22: 17 | C22: 2000021995 | D22: 3000021840 | E22: SPPB/J No. 110/SPPB-TNK/ASDP-LWK/2023 | F22: 45000 | G22: 28850000 | H22: K | I22: Pekerjaan Cleaning Tangki KMP. Cengkih Afo Dalam Rangka Docking Tahun 2023 | J22: Teknik/Alif | K22: JASA TEKNIK | L22: JASA PEMELIHARAAN | M22: 45000 | N22: PENGADAAN LANGSUNG | O22: Aditia | P22: 5300007495 | Q22: SPB/J No. 88/PPBJ/UM.201/III/ASDP-LWK/2023 | R22: 45001 | S22: CV. Rizky Mandiri Perkasa | T22: 85.531.485.2-832.000 | U22: JL. AWU, LUWUK,BANGGAI | V22: 28850000 | W22: =V22+(V22*11%) -> 32023500 | X22: =X17 -> Cengkih Afo
B23: 18 | C23: 2000022042 | D23: 3000021861 | E23: SPPB/J No. 106/SPPB-UM/ASDP-LWK/2023 | F23: 45000 | G23: 79500000 | H23: K | I23: Permintaan Kebutuhan Minyak Pelumas Bulan Maret | J23: Teknik/Alif | K23: BARANG TEKNIK | L23: PELUMAS | M23: 45000 | N23: PENGADAAN LANGSUNG | O23: Aditia | P23: 5300007507 | Q23: SPB/J No. 84/PPBJ/UM.201/III/ASDP-LWK/2023 | R23: 45001 | S23: PT. Laut Sulindah | U23: Jl. Jend A. Yani No. 39, Luwuk | V23: 79500000 | W23: =V23+(V23*11%) -> 88245000 | X23: =W23/6 -> 14707500
B24: 19 | C24: 2000022043 | D24: 3000021863 | E24: SPPB/J No. 107/SPPB-UM/ASDP-LWK/2023 | F24: 45000 | G24: 38510000 | H24: K | I24: Permintaan Kebutuhan Minyak Pelumas Dalam Rangka Docking Tahun 2023 | J24: Teknik/Alif | K24: BARANG TEKNIK | L24: PELUMAS | M24: 45000 | N24: PENGADAAN LANGSUNG | O24: Aditia | P24: 5300007508 | Q24: SPB/J No. 85/PPBJ/UM.201/III/ASDP-LWK/2023 | R24: 45001 | S24: PT. Laut Sulindah | U24: Jl. Jend A. Yani No. 39, Luwuk | V24: 38510000 | W24: =V24+(V24*11%) -> 42746100 | X24: =X18 -> Cengkih Afo
B25: 23 | C25: 2000022666 | D25: 3000022053 | E25: SPPB/J No. 117/UM.201/ASDP-LWK/2023 | F25: 45005 | G25: 6788000 | H25: K | I25: Pengadaan & Pemasangan Pompa Pendingin Mesin Bantu KMP. Moinit | J25: Teknik/Alif | K25: BARANG TEKNIK | L25: PERALATAN | M25: 45005 | N25: PENGADAAN LANGSUNG | O25: Aditia | P25: 5300007643 | Q25: SPB/J No. 98/PPBJ/UM.201/III/ASDP-LWK/2023 | R25: 45006 | S25: Koperasi Jasa Karyawan Tanjung Sejahtera | T25: 02.119.857.7-832.000 | U25: Jl. Tan Malaka No. 15, Keraton, Luwuk, Banggai | V25: 6788000 | W25: =V25+(V25*11%) -> 7534680 | X25: =X15 -> Moinit
B26: 25 | C26: 2000022263 | D26: 3000022042 | E26: SPPB/J No. 116/UM.201/ASDP-LWK/2023 | F26: 45005 | G26: 1700000 | H26: K | I26: Permesinan dan Kelistrikan Kapal | J26: Teknik/Alif | K26: BARANG TEKNIK | L26: PERALATAN | M26: 45005 | N26: PENGADAAN LANGSUNG | O26: Aditia | P26: 5300007636 | Q26: SPB/J No. 97/PPBJ/UM.201/III/ASDP-LWK/2023 | R26: 45006 | S26: Koperasi Jasa Karyawan Tanjung Sejahtera | T26: 02.119.857.7-832.000 | U26: Jl. Tan Malaka No. 15, Keraton, Luwuk, Banggai | V26: 1700000 | W26: =V26+(V26*11%) -> 1887000 | X26: =X15 -> Moinit
B27: 26 | E27: SPPB/J No. 97/UM.201/ASDP-LWK/2023 | F27: 44988 | G27: 149445000 | H27: K | I27: Service ILR, HRU, dan PMK KMP. Moinit | J27: Teknik/Alif | K27: BARANG TEKNIK | L27: PERALATAN | M27: 44988 | N27: PENGADAAN LANGSUNG | O27: Aditia | Q27: SPB/J No. 75/PPBJ/UM.201/III/ASDP-LWK/2023 | R27: 44991 | S27: CV. triple A | T27: 90.298.650.4-822.000 | U27: Jl. Huntoyungo, Huntu Barat, Bone Bulango | V27: 97072000 | W27: =V27+(V27*11%) -> 107749920 | X27: =X26 -> Moinit
B28: 28 | E28: SPPB/J No. 99/UM.201/ASDP-LWK/2023 | F28: 44991 | G28: 109896500 | H28: K | I28: Pekerjaan Service IRL dan PMK KMP. Cengkih Afo | J28: Teknik/Alif | K28: BARANG TEKNIK | L28: PERALATAN | M28: 44992 | N28: PENGADAAN LANGSUNG | O28: Aditia | Q28: SPB/J No. 77/PPBJ/UM.201/III/ASDP-LWK/2023 | R28: 44992 | S28: PT. Pascadana Puratama | V28: 109896500 | W28: =V28+(V28*11%) -> 121985115 | X28: =X22 -> Cengkih Afo
V29: =SUM(V10:V28) -> 517878500 | W29: =SUM(W10:W28) -> 574845135
V30: Efisiensi | W30: 0.06202
U32: Luwuk, 31 Maret 2023
U33: Mengetahui
U34: Manager SDM, Keuangan, dan SCM
U39: Muchlis Burhanuddin

Sheet APRIL
Y1: Pek Dapat Dilanjut
Y2: Investasi
K3: PT. ASDP INDONESIA FERRY (PERSERO) CABANG: LUWUK REGIONAL : IV | Y3: SPM melebihi 50jt
Y4: Sedang Proses Nego
K5: DAFTAR SPPBJ S/D KONTRAK PERIODE : APRIL 2023
B7: NO | C7: NOMOR PR | D7: NOMOR RFQ | E7: NOMOR SPPBJ | F7: TANGGAL SPPBJ/PR | G7: NILAI (RP) SPPBJ/PR (BLM PPN) | H7: ACC ASSIGMENT | I7: NAMA PEKERJAAN | J7: USER (PEMAKAI) | K7: KELOMPOK BARANG/JASA (SESUAI SAP) | L7: MATERIAL GROUP (SESUAI SAP) | M7: TGL SPPBJ/PR DITERIMA UNIT PBJ | N7: METODE PBJ | O7: PIC PBJ | P7: NOMOR PO | Q7: NOMOR PERJANJIAN | R7: TANGGAL PERJANJIAN | S7: DATA MITRA KERJA | V7: NILAI PERJANJIAN (SEBELUM PPN) RP | W7: SELISIH NILAI PERJANJIAN DENGAN NILAI SPPBJ (SEBELUM PPN) | X7: NOMOR GR/SES | Y7: TELAH DIAJUKAN PEMBAYARAN | Z7: ARSIP | AA7: NAMA KAPAL | AB7: JENIS PENGADAAN
S8: NAMA PERUSAHAAN | T8: NPWP | U8: ALAMAT | W8: (6-21) | Z8: Pengadaan 2023
B9: 1 | C9: 2 | D9: 3 | E9: 4 | F9: 5 | G9: 6 | H9: 7 | I9: 8 | J9: 9 | K9: 10 | L9: 11 | M9: 12 | N9: 13 | O9: 14 | P9: 15 | Q9: 16 | R9: 17 | S9: 18 | T9: 19 | U9: 20 | V9: 21 | W9: 22 | X9: 23 | Y9: 24 | Z9: 24 | AA9: 24 | AB9: 24
B10: 1 | C10: 2000022583 | D10: 3000022335 | E10: SPPB/J No. 123/SPPB-UM/ASDP-LWK/2023 | F10: 45019 | G10: 5640000 | H10: K | I10: Pengadaan Filter Kapal KMP. Tuna Tomini | J10: Teknik/Alif | K10: BARANG TEKNIK | L10: PERALATAN | M10: 45019 | N10: PENGADAAN LANGSUNG | O10: Aditia | P10: 5300007864 | Q10: SPB/J No. 104/PPBJ/UM.201/IV/ASDP-LWK/2023 | R10: 45020 | S10: PT. Pioneer | T10: 01.680.688.7-009.000 | U10: JL. PISANGAN RAYA 26, JAKARTA TIMUR | V10: 4294200 | W10: =V10+(V10*11%) -> 4766562 | X10: 5000041748 | Y10: Done | Z10: DONE | AA10: TUNA TOMINI | AB10: DOCKING | AC10: SEMUA KAPAL | AD10: =W26+W24+W23 -> 124290030 | AE10: =AD10/6 -> 20715005
B11: 2 | C11: 2000022584 | D11: 3000022337 | E11: SPPB/J No. 124/SPPB-UM/ASDP-LWK/2023 | F11: 45019 | G11: 5760000 | H11: K | I11: Pengadaan Filter Kapal KMP. Tuna Tomini | J11: Teknik/Alif | K11: BARANG TEKNIK | L11: PERALATAN | M11: 45019 | N11: PENGADAAN LANGSUNG | O11: Aditia | P11: 5300007878 | Q11: SPB/J No. 124/PPBJ/UM.201/IV/ASDP-LWK/2023 | R11: 45020 | S11: PT. Baracuda Bintang Sentosa | T11: 02.119.857.7-832.000 | U11: Jl. Taman Sari No. 77G, Taman Sari, Jakarta Barat | V11: 5100000 | W11: =V11+(V11*11%) -> 5661000 | X11: 5000041010 | Y11: Done | Z11: DONE | AA11: TUNA TOMINI | AB11: DOCKING | AC11: MOINIT | AD11: =W18+AE10 -> 50685005
B12: 3 | C12: 2000022806 | D12: 3000022754 | E12: SPPB/J No. 130/SPPB-TNK/ASDP-LWK/2023 | F12: 45026 | G12: 10340000 | H12: K | I12: Pengadaan Suku Cadang Mesin Induk KMP. Cengkih Afo | J12: Teknik/Alif | K12: BARANG TEKNIK | L12: SUKU CADANG | M12: 45019 | N12: PENGADAAN LANGSUNG | O12: Aditia | P12: 5300008113 | Q12: SPB/J No. 112/PPBJ/UM.201/IV/ASDP-LWK/2023 | R12: 45020 | S12: PT. Kurnia Mandala Indonusa | T12: 02.415.555.8-036.000 | U12: Jl. Prof Latumenten No. 10, Jakarta Barat | V12: 9224700 | W12: =V12+(V12*11%) -> 10239417 | X12: 5000042266 | Y12: Done | AA12: CENGKIH AFO | AB12: BIASA | AC12: =AA12 -> CENGKIH AFO | AD12: =SUM(W12:W16)+W22+AE10-W15 -> 91077572
B13: 5 | C13: 2000023619 | D13: 3000023473 | E13: SPPB/J No. 127/SPPB-TNK/ASDP-LWK/2023 | F13: 45020 | G13: 9000000 | H13: K | I13: Perbaikan Peralatan Mesin KMP Cengkih Afo Dalam Rangka Docking Tahun 2023 | J13: Teknik/Alif | K13: BARANG TEKNIK | L13: PERALATAN | M13: 45021 | N13: PENGADAAN LANGSUNG | O13: Aditia | P13: 5300008486 | Q13: SPB/J No. 107/PPBJ/UM.201/IV/ASDP-LWK/2023 | R13: 45021 | S13: CV. Rizky Mandiri Perkasa | T13: 85.531.485.2-832.000 | U13: JL. AWU, LUWUK,BANGGAI | V13: 9000000 | W13: =V13+(V13*11%) -> 9990000 | X13: 5000042187 | Y13: Done | Z13: DONE | AA13: CENGKIH AFO | AB13: DOCKING | AC13: =AA17 -> TANJUNG API | AD13: =W17+AE10 -> 35833205
B14: 6 | C14: 2000023319 | D14: 3000023153 | E14: SPPB/J No. 132/SPPB-TNK/ASDP-L2K/2023 | F14: 45026 | G14: 13615000 | H14: K | I14: Perbaikan Peralatan Mesin KMP Cengkih Afo Dalam Rangka Docking Tahun 2023 | J14: Teknik/Alif | K14: BARANG TEKNIK | L14: PERALATAN | M14: 45027 | N14: PENGADAAN LANGSUNG | O14: Aditia | P14: 5300008488 | Q14: SPB/J No. 113/PPBJ/UM.201/V/ASDP-LWK/2023 | R14: 45027 | S14: CV. Rizky Mandiri Perkasa | T14: 85.531.485.2-832.000 | U14: JL. AWU, LUWUK,BANGGAI | V14: 12535000 | W14: =V14+(V14*11%) -> 13913850 | X14: 5000042203 | Y14: Done | Z14: DONE | AA14: CENGKIH AFO | AB14: DOCKING | AC14: =AA10 -> TUNA TOMINI | AD14: =W10+W11+W20+W25+AE10 -> 190494167
B15: 7 | C15: 2000023184 | D15: 3000023092 | E15: SPPB/J No. 134/SPPB-TNK/ASDP-LWK/2023 | F15: 45030 | G15: 6707000 | H15: K | I15: Pengadaan Filter KMP. Teluk Tolo | J15: Teknik/Alif | K15: BARANG TEKNIK | L15: PERALATAN | M15: 45030 | N15: PENGADAAN LANGSUNG | O15: Aditia | P15: 5300008113 | Q15: SPB/J No. 115/PPBJ/UM.201/IV/ASDP-LWK/2023 | R15: 45030 | S15: PT. Baracuda Bintang Sentosa | T15: 02.119.857.7-832.000 | U15: Jl. Taman Sari No. 77G, Taman Sari, Jakarta Barat | V15: 5103000 | W15: =V15+(V15*11%) -> 5664330 | X15: 5000041639 | Y15: Done | Z15: DONE | AA15: TELUK TOLO | AB15: BIASA | AC15: =AA21 -> DOLOSI | AD15: =W21+AE10 -> 25987505
B16: 8 | C16: 2000024395 | D16: 3000024127 | E16: SPPB/J No. 133/SPPB-TNK/ASDP-LWK/2023 | F16: 45028 | G16: 13750000 | H16: F | I16: Pengadaan AC Musholla & Tempat Duduk KMP. Cengkih Afo | J16: Teknik/Alif | K16: BARANG TEKNIK | L16: PERALATAN | M16: 45028 | N16: PENGADAAN LANGSUNG | O16: Aditia | P16: 5300008885 | Q16: SPB/J No. 114/PPBJ/UM.201/IV/ASDP-LWK/2023 | R16: 45029 | S16: PT. Unggul Sejati Abadi | T16: 01.923.649.6-823.000 | U16: Kel. Pateten, Pateten Satu, Bitung | V16: 12630000 | W16: =V16+(V16*11%) -> 14019300 | X16: 5000043137 | Y16: Done | Z16: DONE | AA16: CENGKIH AFO | AB16: DOCKING | AC16: =AA15 -> TELUK TOLO | AD16: =W15+AE10+W19 -> 29154335
B17: 9 | C17: 2000023548 | D17: 3000023466 | E17: SPPB/J No. 136/SPPB-TNK/ASDP-LWK/2023 | F17: 45044 | G17: 18200000 | H17: K | I17: Pengadaan Sparepart Mesin Induk KMP. Tanjung Api | J17: Teknik/Alif | K17: BARANG TEKNIK | L17: SUKU CADANG | M17: 45048 | N17: PENGADAAN LANGSUNG | O17: Aditia | P17: 5300008511 | Q17: SPB/J No. 118/PPBJ/UM.201/IV/ASDP-LWK/2023 | R17: 45048 | S17: PT. Baracuda Bintang Sentosa | T17: 02.119.857.7-832.000 | U17: Jl. Taman Sari No. 77G, Taman Sari, Jakarta Barat | V17: 13620000 | W17: =V17+(V17*11%) -> 15118200 | X17: 5000042602 | Y17: Done | Z17: DONE | AA17: TANJUNG API | AB17: BIASA | AD17: =SUM(AD11:AD16) -> 423231789
B18: 10 | C18: 2000023547 | D18: 3000023431 | E18: SPPB/J No. 134/SPPB-TNK/ASDP-LWK/2023 | F18: 45026 | G18: 42000000 | H18: K | I18: Pekerjaan Tambahan Service ILR. KMP Moinit | J18: Teknik/Alif | K18: BARANG TEKNIK | L18: PERLENGKAPAN KAPAL | M18: 45030 | N18: PENGADAAN LANGSUNG | O18: Aditia | P18: 5300008459 | Q18: SPB/J No. 116/PPBJ/UM.201/IV/ASDP-LWK/2023 | R18: 45030 | S18: CV. Triple A | T18: 90.298.650.4-822.000 | U18: Jl. Huntoyungo, Huntu Barat, Bone Bulango | V18: 27000000 | W18: =V18+(V18*11%) -> 29970000 | X18: 5000042606 | Y18: Done | Z18: DONE | AA18: MOINIT | AB18: BIASA
B19: 12 | C19: 2000023392 | D19: 3000023174 | E19: SPPB/J No. 126/SPPB-TNK/ASDP-LWK/2023 | F19: 45020 | G19: 2500000 | H19: K | I19: Perbaikan Radio VHF KMP Teluk Tolo | J19: Teknik/Alif | K19: BARANG TEKNIK | L19: PERALATAN | M19: 45021 | N19: PENGADAAN LANGSUNG | O19: Aditia | P19: 5300008319 | Q19: SPB/J No. 106/PPBJ/UM.201/IV/ASDP-LWK/2023 | R19: 45021 | S19: Koperasi Jasa Karyawan Tanjung Sejahtera | T19: 02.119.857.7-832.000 | U19: Jl. Tan Malaka No. 15, Keraton, Luwuk, Banggai | V19: 2500000 | W19: =V19+(V19*11%) -> 2775000 | X19: 5000041782 | Y19: Done | Z19: DONE | AA19: TELUK TOLO | AB19: BIASA
B20: 13 | C20: 2000023714 | D20: 3000023487 | E20: SPPB/J No. 134/SPPB-TNK/ASDP-LWK/2023 | G20: 104050000 | H20: K | I20: Pembelian BBM Industri KMP. Tuna Tomini dalam rangka docking | J20: Ade BK/Usaha | K20: BARANG | L20: BBM KAPAL | M20: 02 Meo 2023 | N20: PENGADAAN LANGSUNG | O20: Aditia | P20: 5300008499 | Q20: SPB/J No. 69/UM.201/IV/ASDP-LWK/2023 | R20: 45048 | S20: PT. Berkah Azqila Sentosa | T20: 40.438.550.2-823.000 | U20: Lingkungan 1 RT 4, Manembo-nembo Atas, Bitung | V20: 104050000 | W20: =V20+(V20*11%) -> 115495500 | X20: 5000042249 | Y20: Done | Z20: DONE | AA20: TUNA TOMINI | AB20: DOCKING
B21: 14 | C21: 2000023391 | D21: 3000023173 | E21: SPPB/J No. 125/SPPB-TNK/ASDP-LWK/2023 | F21: 45020 | G21: 4750000 | H21: K | I21: Perbaikan Ruang Akomodasi KMP Dolosi | J21: Teknik/Alif | K21: BARANG TEKNIK | L21: PERALATAN | M21: 45021 | N21: PENGADAAN LANGSUNG | O21: Aditia | P21: 5300008318 | Q21: SPB/J No. 105/UM.201/IV/ASDP-LWK/2023 | R21: 45021 | S21: Koperasi Jasa Karyawan Tanjung Sejahtera | T21: 02.119.857.7-832.000 | U21: Jl. Tan Malaka No. 15, Keraton, Luwuk, Banggai | V21: 4750000 | W21: =V21+(V21*11%) -> 5272500 | X21: 5000041780 | Y21: Done | Z21: DONE | AA21: DOLOSI | AB21: BIASA
B22: 15 | C22: 2000025735 | D22: 3000025597 | E22: SPPB/J No. 131/SPPB-TNK/ASDP-LWK/2023 | F22: 45026 | G22: 20000000 | H22: K | I22: Pengurusan surat-surat kapal KMP. Cengkih Afo Tahun 2023 | J22: Teknik/Alif | K22: BARANG TEKNIK | L22: SURAT-SURAT KAPAL | M22: 45027 | N22: PENGADAAN LANGSUNG | O22: Alifransi | P22: 5300009698 | Q22: SPB/J No. 111/UM.201/IV/ASDP-LWK/2023 | R22: 45027 | S22: Koperasi Jasa Karyawan Tanjung Sejahtera | T22: 02.119.857.7-832.000 | U22: Jl. Tan Malaka No. 15, Keraton, Luwuk, Banggai | V22: 20000000 | W22: =V22+(V22*11%) -> 22200000 | X22: 5000045035 | Y22: Done | Z22: DONE | AA22: CENGKIH AFO | AB22: DOCKING
B23: 16 | C23: 2000023318 | D23: 3000023151 | E23: SPPB/J No. 129/SPPBJ-UM/ASDP-LWK/2023 | F23: 45022 | G23: 16099000 | H23: K | I23: Permesinan dan Kelistrikan Kapal | J23: Teknik/Alif | K23: BARANG TEKNIK | L23: PERLENGKAPAN KAPAL | M23: 45026 | N23: PENGADAAN LANGSUNG | O23: Aditia | P23: 5300008291 | Q23: SPB/J. No. 110/PPBJ/UM.201/IV/ASDP-LWK/2023 | R23: 45026 | S23: Koperasi Jasa Karyawan Tanjung Sejahtera | T23: 02.119.857.7-832.000 | U23: Jl. Tan Malaka No. 15, Keraton, Luwuk, Banggai | V23: 16099000 | W23: =V23+(V23*11%) -> 17869890 | X23: 5000041732 | Y23: Done | Z23: DONE | AA23: SEMUA KAPAL | AB23: RUTIN KAPAL
B24: 17 | C24: 2000023208 | D24: 3000023135 | E24: SPPB/J No. 128/SPPBJ-UM/ASDP-LWK/2023 | F24: 45022 | G24: 16854000 | H24: K | I24: Akomodasi, Peralatan, dan Perlengkapan Kapal | J24: Teknik/Alif | K24: BARANG TEKNIK | L24: PERLENGKAPAN KAPAL | M24: 45026 | N24: PENGADAAN LANGSUNG | O24: Aditia | P24: 5300008286 | Q24: SPB/J No. 109/PPBJ/UM.201/IV/ASDP-LWK/2023 | R24: 45026 | S24: Koperasi Jasa Karyawan Tanjung Sejahtera | T24: 02.119.857.7-832.000 | U24: Jl. Tan Malaka No. 15, Keraton, Luwuk, Banggai | V24: 16854000 | W24: =V24+(V24*11%) -> 18707940 | X24: 5000041729 | Y24: Done | Z24: DONE | AA24: SEMUA KAPAL | AB24: RUTIN KAPAL
B25: 18 | C25: 2000024268 | D25: 3000023970 | E25: SPPB/J No. 138/SPPB-TNK/ASDP-LWK/2023 | F25: 45044 | G25: 43078000 | H25: K | I25: Permintaan Kebutuhan Pelumas Dalam Rangka Docking Tuna Tomini Tahun 2023 | J25: Teknik/Alif | K25: BARANG TEKNIK | L25: Pelumas Kapal | M25: 45044 | N25: PENGADAAN LANGSUNG | O25: Aditia | P25: 5300008803 | Q25: SPB/J No. 119/UM.201/IV/ASDP-LWK/2023 | R25: 45048 | S25: PT. Laut Sulindah | T25: 01.419.327.0-832.000 | U25: Jl. A. Yani No. 161, Luwuk, Banggai | V25: 39510000 | W25: =V25+(V25*11%) -> 43856100 | X25: 5000043033 | Y25: Done | Z25: DONE | AA25: TUNA TOMINI | AB25: DOCKING
B26: 19 | C26: 2000024262 | D26: 3000023965 | E26: SPPB/J No. 137/SPPB-TNK/ASDP-LWK/2023 | F26: 45044 | G26: 86156000 | H26: K | I26: Permintaan Kebutuhan Minyak Pelumas Bulan Mei Tahun 2023 | J26: Teknik/Alif | K26: BARANG TEKNIK | L26: Pelumas Kapal | M26: 45044 | N26: PENGADAAN LANGSUNG | O26: Aditia | P26: 5300008802 | Q26: SPB/J No. 117/UM.201/IV/ASDP-LWK/2023 | R26: 45048 | S26: PT. Laut Sulindah | T26: 01.419.327.0-832.000 | U26: Jl. A. Yani No. 161, Luwuk, Banggai | V26: 79020000 | W26: =V26+(V26*11%) -> 87712200 | X26: 5000042937 | Y26: Done | Z26: DONE | AA26: SEMUA KAPAL | AB26: BIASA
V27: =SUM(V10:V26) -> 381289900 | W27: =SUM(W10:W26) -> 423231789 | AA27: =SUM(W10:W26) -> 423231789
V28: Efisiensi | W28: 0.10091
U30: Luwuk, 28 April 2023
U31: Mengetahui
U32: Manager SDM, Keuangan, dan SCM
U37: Muchlis Burhanuddin

Sheet MEI
Y1: Pek Dapat Dilanjut
Y2: Investasi
K3: PT. ASDP INDONESIA FERRY (PERSERO) CABANG: LUWUK REGIONAL : IV | Y3: SPM melebihi 50jt
Y4: Sedang Proses
K5: DAFTAR SPPBJ S/D KONTRAK PERIODE : MEI2023
B7: NO | C7: NOMOR PR | D7: NOMOR RFQ | E7: NOMOR SPPBJ | F7: TANGGAL SPPBJ/PR | G7: NILAI (RP) SPPBJ/PR (BLM PPN) | H7: ACC ASSIGMENT | I7: NAMA PEKERJAAN | J7: USER (PEMAKAI) | K7: KELOMPOK BARANG/JASA (SESUAI SAP) | L7: MATERIAL GROUP (SESUAI SAP) | M7: TGL SPPBJ/PR DITERIMA UNIT PBJ | N7: METODE PBJ | O7: PIC PBJ | P7: NOMOR PO | Q7: NOMOR PERJANJIAN | R7: TANGGAL PERJANJIAN | S7: DATA MITRA KERJA | V7: NILAI PERJANJIAN (SEBELUM PPN) RP | W7: SELISIH NILAI PERJANJIAN DENGAN NILAI SPPBJ (SEBELUM PPN) | X7: NOMOR GR/SES | Y7: TELAH DIAJUKAN PEMBAYARAN | Z7: ARSIP | AA7: NAMA KAPAL | AB7: JENIS PENGADAAN
B8: 0 | S8: NAMA PERUSAHAAN | T8: NPWP | U8: ALAMAT | W8: (6-21) | Z8: Pengadaan 2023
B9: 1 | C9: 2 | D9: 3 | E9: 4 | F9: 5 | G9: 6 | H9: 7 | I9: 8 | J9: 9 | K9: 10 | L9: 11 | M9: 12 | N9: 13 | O9: 14 | P9: 15 | Q9: 16 | R9: 17 | S9: 18 | T9: 19 | U9: 20 | V9: 21 | W9: 22 | X9: 23 | Y9: 24 | Z9: 25 | AA9: 25 | AB9: 25
B10: 1 | C10: 2000024389 | D10: 3000042122 | E10: 166/SPPB-TNK/ASDP-LWK/2023 | F10: 45050 | G10: 11000000 | H10: F | I10: Pengadaan Remote Control KMP. Dolosi Tahun 2023 | J10: ALIF/TEKNIK | K10: BARANG | L10: Suku Cadang | M10: 45051 | N10: Pengadaan Langsung | O10: Aditia | P10: 5300008882 | Q10: 129/PPBJ/UM.201/V/ASDP-LWK/2023 | R10: 45051 | S10: PT. Pioneer | T10: 01.680.688.7-009.000 | U10: JL. PISANGAN RAYA 26, JAKARTA TIMUR | V10: 9008300 | W10: =V10+(V10*11%) -> 9999213 | X10: 5000043130 | Y10: DONE | AA10: DOLOSI | AB10: BIASA
B11: 2 | C11: 2000023814 | D11: 3000023578 | E11: 147/SPPB-TF/ASDP-LWK/2023 | F11: 45048 | G11: 11040000 | H11: K | I11: Pengadaan Cat Kamar Mesin KMP. Cengkih Afo Dalam Rangka Docking | J11: ALIF/TEKNIK | K11: BARANG | L11: Perawatan Kapal Ro-ro | M11: 45049 | N11: Pengadaan Langsung | O11: Aditia | P11: 5300008563 | Q11: 120/PPBJ/UM.201/V/ASDP-LWK/2023 | R11: 45049 | S11: CV. OMI Indah Permai | T11: 92.779.186.3-804.000 | U11: Jl. Tanjung Bunga No. 38B | V11: 11040000 | W11: =V11+(V11*11%) -> 12254400 | X11: 5000043252 | Y11: DONE | Z11: DONE | AA11: TUNA TOMINI | AB11: DOCKING
B12: 3 | C12: 2000023884 | D12: 3000023590 | E12: 155/SPPB-TNK/ASDP-LWK/2023 | F12: 45049 | G12: 6940000 | H12: K | I12: Pengadaan Sparepart Mesin Induk KMP. Tanjung Api | J12: ALIF/TEKNIK | K12: BARANG | L12: Suku Cadang | M12: 45051 | N12: Pengadaan Langsung | O12: Aditia | P12: 5300008574 | Q12: 133/PPBJ/UM.201/V/ASDP-LWK/2023 | R12: 45051 | S12: PT. Xin Ming Hua | U12: Komplek Pergudangan Sentar Industri Terpadu III, Blok C No. 11,Jakarta Utara | V12: 6558862 | W12: =V12+(V12*11%) -> 7280336.8 | X12: 5000044172 | Y12: DONE | Z12: DONE | AA12: TANJUNG API | AB12: BIASA
B13: 4 | C13: 2000023832 | D13: 3000023574 | E13: 145/SPPB-TF/ASDP-LWK/2023 | F13: 45048 | G13: 63655000 | H13: K | I13: Pengadaan Cat AGA KMP. Cengkih Afo Dalam Rangka Docking | J13: ALIF/TEKNIK | K13: BARANG | L13: Perawatan Kapal Ro-ro | M13: 45049 | N13: Pengadaan Langsung | O13: Aditia | P13: 5300008559 | Q13: 121/PPBJ/UM.201/V/ASDP-LWK/2023 | R13: 45049 | S13: CV. OMI Indah Permai | T13: 92.779.186.3-804.001 | U13: Jl. Tanjung Bunga No. 38B | V13: 63655000 | W13: =V13+(V13*11%) -> 70657050 | X13: 5000043246 | Y13: DONE | Z13: DONE | AA13: TUNA TOMINI | AB13: DOCKING
B14: 6 | C14: 2000023813 | D14: 3000023577 | E14: 146/SPPB-TF/ASDP-LWK/2023 | F14: 45048 | G14: 56050000 | H14: K | I14: Pengadaan Cat BGA KMP. Cengkih Afo Dalam Rangka Docking | J14: ALIF/TEKNIK | K14: BARANG | L14: Perawatan Kapal Ro-ro | M14: 45049 | N14: Pengadaan Langsung | O14: Aditia | P14: 5300008562 | Q14: 122/PPBJ/UM.201/V/ASDP-LWK/2023 | R14: 45049 | S14: CV. OMI Indah Permai | T14: 92.779.186.3-804.002 | U14: Jl. Tanjung Bunga No. 38B | V14: 56050000 | W14: =V14+(V14*11%) -> 62215500 | X14: 5000043251 | Y14: DONE | Z14: DONE | AA14: TUNA TOMINI | AB14: DOCKING
B15: 7 | C15: 2000023880 | D15: 3000023584 | E15: 158/SPPB-TNK/ASDP-LWK/2023 | F15: 45048 | G15: 22600000 | H15: K | I15: Pengadaan ACCU KMP. Cengkih Afo Tahun 2023 | J15: ALIF/TEKNIK | K15: BARANG | L15: Suku Cadang | M15: 45051 | N15: Pengadaan Langsung | O15: Aditia | P15: 5300008569 | Q15: 124/PPBJ/UM.201/V/ASDP-LWK/2023 | R15: 45051 | S15: CV. Rizky Mandiri Perkasa | T15: 85.531.485.2-832.000 | U15: JL. AWU, LUWUK,BANGGAI | V15: 21200000 | W15: =V15+(V15*11%) -> 23532000 | X15: 5000042576 | Y15: DONE | Z15: DONE | AA15: CENGKIH AFO | AB15: BIASA
B16: 8 | C16: 2000024005 | D16: 3000023723 | E16: 157/SPPB-TNK/ASDP-LWK/2023 | F16: 45048 | G16: 2300000 | H16: K | I16: Pengadaan Perlengkapan Kapal KMP. Moinit | J16: ALIF/TEKNIK | K16: BARANG | L16: Perlengkapan Pelabuhan | M16: 45049 | N16: Pengadaan Langsung | O16: Aditia | P16: 5300008649 | Q16: 123/PPBJ/UM.201/V/ASDP-LWK/2023 | R16: 45049 | S16: Koperasi Jasa Karyawan Tanjung Sejahtera | T16: 02.119.857.7-832.000 | U16: Jl. Tan Malaka No. 15, Keraton, Luwuk, Banggai | V16: 2300000 | W16: =V16+(V16*11%) -> 2553000 | X16: 5000042575 | Y16: DONE | Z16: DONE | AA16: MOINIT | AB16: BIASA
B17: 9 | C17: 2000024391 | D17: 3000024124 | E17: 165/SPPB-TNK/ASDP-LWK/2023 | F17: 45050 | G17: 11000000 | H17: F | I17: Pengadaan Remote Control KMP. Tuna Tomini Tahun 2023 | J17: ALIF/TEKNIK | K17: BARANG | L17: Suku Cadang | M17: 45051 | N17: Pengadaan Langsung | O17: Aditia | P17: 5300008883 | Q17: 130/PPBJ/UM.201/V/ASDP-LWK/2023 | R17: 45051 | S17: PT. Pioneer | T17: 01.680.688.7-009.000 | U17: JL. PISANGAN RAYA 26, JAKARTA TIMUR | V17: 9008300 | W17: =V17+(V17*11%) -> 9999213 | X17: 5000043133 | Y17: DONE | Z17: DONE | AA17: TUNA TOMINI | AB17: DOCKING
B18: 11 | C18: 2000024443 | D18: 3000024195 | E18: 164/SPPB-TNK/ASDP-LWK/2023 | F18: 45050 | G18: 70250000 | H18: K | I18: Pengadaan Sparepart KMP. Cengkih Afo Tahun 2023 | J18: ALIF/TEKNIK | K18: BARANG | L18: Suku Cadang | M18: 45051 | N18: Pengadaan Langsung | O18: Aditia | P18: 5300008927 | Q18: 132/PPBJ/UM.201/V/ASDP-LWK/2023 | R18: 45051 | S18: PT. Kurnia Mandala Indonusa | T18: 02.415.555.8-036.000 | U18: Jl. Prof Latumenten No. 10, Jakarta Barat | V18: 62791200 | W18: =V18+(V18*11%) -> 69698232 | X18: 5000043216 | Y18: DONE | Z18: DONE | AA18: CENGKIH AFO | AB18: DOCKING
B19: 15 | C19: 2000023883 | D19: 3000023588 | E19: 163/SPPB-TNK/ASDP-LWK/2023 | F19: 45048 | G19: 6800000 | H19: K | I19: Pengadaan Aluminium Anode KMP. Tuna Tomini Dalam Rangka Docking Tahun 2023 | J19: ALIF/TEKNIK | K19: BARANG | L19: Suku Cadang | M19: 45051 | N19: Pengadaan Langsung | O19: Aditia | P19: 5300008572 | Q19: 130/PPBJ/UM.201/V/ASDP-LWK/2023 | R19: 45051 | S19: PT. Makmur Marina Metalindo | T19: 31.327.886.3-619.000 | U19: Wisma Permai Tengah 1/AA-8 | V19: 6240000 | W19: =V19+(V19*11%) -> 6926400 | X19: 5000043205 | Y19: DONE | Z19: DONE | AA19: TUNA TOMINI | AB19: DOCKING
B20: 17 | C20: 2000024462 | D20: 3000024214 | E20: 175/SPPB-UM/ASDP-LWK/2023 | F20: 45056 | G20: 5700000 | H20: K | I20: Pengadaan Spare Part Mesin Induk KMP. Tanjung Api Tahun 2023 | J20: ALIF/TEKNIK | K20: BARANG | L20: Suku Cadang | M20: 45057 | N20: Pengadaan Langsung | O20: Aditia | P20: 5300008938 | Q20: 142/PPBJ/UM.201/V/ASDP-LWK/2023 | R20: 45057 | S20: PT. Baracuda Bintang Sentosa | T20: 02.119.857.7-832.000 | U20: Jl. Taman Sari No. 77G, Taman Sari, Jakarta Barat | V20: 5000000 | W20: =V20+(V20*11%) -> 5550000 | X20: 5000043236 | Y20: DONE | Z20: DONE | AA20: TANJUNG API | AB20: BIASA
B21: 18 | C21: 2000024002 | D21: 3000023718 | E21: 161/SPPB-TNK/ASDP-LWK/2023 | F21: 45048 | G21: 11795000 | H21: K | I21: Pengadaan Alat Kerja Deck KMP. Tuna Tomini Dalam Rangka Docking Tahun 2023 | J21: ALIF/TEKNIK | K21: BARANG | L21: Perlengkapan Kapal | M21: 45049 | N21: Pengadaan Langsung | O21: Aditia | P21: 5300008645 | Q21: 127/PPBJ/UM.201/V/ASDP-LWK/2023 | R21: 45049 | S21: Koperasi Jasa Karyawan Tanjung Sejahtera | T21: 02.119.857.7-832.000 | U21: Jl. Tan Malaka No. 15, Keraton, Luwuk, Banggai | V21: 11795000 | W21: =V21+(V21*11%) -> 13092450 | X21: 5000042572 | Y21: DONE | Z21: DONE | AA21: TUNA TOMINI | AB21: DOCKING
B22: 19 | C22: 2000025466 | D22: 3000025319 | E22: 181/SPPB-UM/ASDP-LWK/2023 | F22: 45061 | G22: 11350000 | H22: K | I22: Pengadaan Spare Part Mesin Induk dan Mesin Bantu KMP. Moinit | J22: ALIF/TEKNIK | K22: BARANG | L22: Suku Cadang | M22: 45061 | N22: Pengadaan Langsung | O22: Aditia | P22: 5300009538 | Q22: 150/PPBJ/UM.201/V/ASDP-LWK/2023 | R22: 45063 | S22: PT. Baracuda Bintang Sentosa | T22: 02.119.857.7-832.000 | U22: Jl. Taman Sari No. 77G, Taman Sari, Jakarta Barat | V22: 9780000 | W22: =V22+(V22*11%) -> 10855800 | X22: 5000044667 | Y22: DONE | Z22: DONE | AA22: MOINIT | AB22: BIASA
B23: 20 | C23: 2000024004 | D23: 3000023721 | E23: 162/SPPB-TNK/ASDP-LWK/2023 | F23: 45048 | G23: 14910500 | H23: K | I23: Pengadaan Alat Kerja Mesin KMP. Tuna Tomini Dalam Rangka Docking Tahun 2023 | J23: ALIF/TEKNIK | K23: BARANG | L23: Perlengkapan Kapal | M23: 45049 | N23: Pengadaan Langsung | O23: Aditia | P23: 5300008647 | Q23: 128/PPBJ/UM.201/V/ASDP-LWK/2023 | R23: 45049 | S23: Koperasi Jasa Karyawan Tanjung Sejahtera | T23: 02.119.857.7-832.000 | U23: Jl. Tan Malaka No. 15, Keraton, Luwuk, Banggai | V23: 14910500 | W23: =V23+(V23*11%) -> 16550655 | X23: 5000042574 | Y23: DONE | Z23: DONE | AA23: TUNA TOMINI | AB23: DOCKING
B24: 21 | C24: 2000025491 | D24: 3000025340 | E24: 176/SPPB-UM/ASDP-LWK/2023 | F24: 45061 | G24: 11700000 | H24: K | I24: Pengadaan Spare Part Mesin Induk dan Mesin Bantu KMP. Tanjung Api | J24: ALIF/TEKNIK | K24: BARANG | L24: Suku Cadang | M24: 45061 | N24: Pengadaan Langsung | O24: Aditia | P24: 5300009546 | Q24: 152/PPBJ/UM.201/V/ASDP-LWK/2023 | R24: 45063 | S24: PT. Baracuda Bintang Sentosa | T24: 02.119.857.7-832.000 | U24: Jl. Taman Sari No. 77G, Taman Sari, Jakarta Barat | V24: 10620000 | W24: =V24+(V24*11%) -> 11788200 | X24: 5000044672 | Y24: DONE | Z24: DONE | AA24: TANJUNG API | AB24: BIASA
... B32: 35 | C32: 2000024540 | D32: 3000024589 | E32: 135A/SPPB-TF/ASDP-LWK/2023 | F32: 45036 | G32: 660115500 | H32: K | I32: Pekerjaan Docking Repair KMP. Tuna Tomini Tahun 2023 | J32: ALIF/TEKNIK | K32: JASA | L32: Perlengkapan Kapal | M32: 45037 | N32: Penunjukan Langsung | O32: Aditia | P32: 5300008569 | Q32: 04/HK.201/V/ASDP-LWK/2023 | R32: 45050 | S32: PT. Industri Kapal Indonesia (Persero) Unit Galangan Bitung | T32: 01.000.477.8-051.000 | U32: Jl. Samuel Languju No. 24, Winenet Dua, Aertembaga, Bitung | V32: 694527000 | W32: =V32+(V32*11%) -> 770924970 | X32: 5000043942 | Y32: DONE Termin 1 | Z32: DONE | AA32: TUNA TOMINI | AB32: DOCKING
B33: 36 | C33: 2000024887 | D33: 3000024715 | E33: 173/UM.201/ASDP-LWK/2023 | F33: 45076 | G33: 166800000 | H33: K | I33: Pembelian BBM Industri KMP. Tanjung Api Dalam Rangka Docking Tahun 2023 | J33: USAHA | K33: BARANG | L33: BBM Kapal | M33: 45077 | N33: Pengadaan Langsung | O33: Ade Buay K | P33: 5300009181 | Q33: 81/UM.201/ASDP-LWK/2023 | R33: 45077 | S33: PT. Sinergi Energi Nusantara | T33: 91.691.694.3-831.000 | U33: Jl. Poros Palu Kulawi | V33: 166800000 | W33: =V33+(V33*11%) -> 185148000 | X33: 5000043976 | Y33: DONE | AA33: TANJUNG API | AB33: DOCKING
B34: 37 | C34: 2000024402 | D34: 3000024137 | E34: 173/SPPBJ-UM/ASDP-LWK/2023 | F34: 45055 | G34: 14270000 | H34: K | I34: Akomodasi, Peralatan, dan Perlengkapan Kapal | J34: ALIF/TEKNIK | K34: BARANG | L34: Perlengkapan Kapal | M34: 45056 | N34: Pengadaan Langsung | O34: Aditia | P34: 5300008892 | Q34: 140/PPBJ/UM.201/V/ASDP-LWK/2023 | R34: 45056 | S34: Koperasi Jasa Karyawan Tanjung Sejahtera | T34: 02.119.857.7-832.000 | U34: Jl. Tan Malaka No. 15, Keraton, Luwuk, Banggai | V34: 14270000 | W34: =V34+(V34*11%) -> 15839700 | X34: 5000043142 | Y34: DONE | Z34: DONE | AA34: SEMUA KAPAL | AB34: RUTIN KAPAL
B35: 38 | C35: 2000024435 | D35: 3000024182 | E35: 174/SPPBJ-UM/ASDP-LWK/2023 | F35: 45055 | G35: 13602000 | H35: K | I35: Permesinan dan Kelistrikan Kapal | J35: ALIF/TEKNIK | K35: BARANG | L35: Perlengkapan Kapal | M35: 45056 | N35: Pengadaan Langsung | O35: Aditia | P35: 5300008919 | Q35: 141/PPBJ/UM.201/V/ASDP-LWK/2023 | R35: 45056 | S35: Koperasi Jasa Karyawan Tanjung Sejahtera | T35: 02.119.857.7-832.000 | U35: Jl. Tan Malaka No. 15, Keraton, Luwuk, Banggai | V35: 13602000 | W35: =V35+(V35*11%) -> 15098220 | X35: 5000043203 | Y35: DONE | Z35: DONE | AA35: SEMUA KAPAL | AB35: RUTIN KAPAL
B36: 39 | C36: 2000024482 | D36: 3000024252 | E36: 178/SPPBJ-UM/ASDP-LWK/2023 | F36: 45057 | G36: 7838000 | H36: K | I36: Pengadaan Perlengkapan Kapal KMP Tuna Tomini Dalam Rangka Docking Tahun 2023 | J36: ALIF/TEKNIK | K36: BARANG | L36: Perlengkapan Kapal | M36: 45058 | N36: Pengadaan Langsung | O36: Aditia | P36: 5300008945 | Q36: 146/PPBJ/UM.201/V/ASDP-LWK/2023 | R36: 45058 | S36: Koperasi Jasa Karyawan Tanjung Sejahtera | T36: 02.119.857.7-832.000 | U36: Jl. Tan Malaka No. 15, Keraton, Luwuk, Banggai | V36: 7838000 | W36: =V36+(V36*11%) -> 8700180 | X36: 5000043285 | Y36: DONE | Z36: DONE | AA36: TUNA TOMINI | AB36: DOCKING
B37: 40 | C37: 2000025218 | D37: 3000025097 | E37: 199A/SPPB-TNK/ASDP-LWK/2023 | F37: 45068 | G37: 61200000 | H37: K | I37: Pekerjaan Cleaning Tangki Tangki KMP Tuna Tomini Dalam Rangka Docking Tahun 2023 | J37: ALIF/TEKNIK | K37: JASA | L37: Pemeliharaan Kapal Ro-ro | M37: 45069 | N37: Pengadaan Langsung | O37: Aditia | P37: 5300009396 | Q37: 152/PPBJ/UM.201/V/ASDP-LWK/2023 | R37: 45069 | S37: CV. Rizky Mandiri Perkasa | T37: 85.531.485.2-832.000 | U37: JL. AWU, LUWUK,BANGGAI | V37: 56400000 | W37: =V37+(V37*11%) -> 62604000 | X37: 5000044403 | Y37: DONE | Z37: DONE | AA37: TUNA TOMINI | AB37: DOCKING
B38: 41 | C38: 2000025157 | D38: 3000025165 | E38: 213/SPPB-TNK/ASDP-LWK/2023 | F38: 45077 | G38: 50700000 | H38: K | I38: Pekerjaan Cleaning Tangki Tangki KMP Tanjung Api Dalam Rangka Docking Tahun 2023 | J38: ALIF/TEKNIK | K38: JASA | L38: Pemeliharaan Kapal Ro-ro | M38: 45082 | N38: Pengadaan Langsung | O38: Aditia | P38: 5300009435 | Q38: 159A/PPBJ/UM.201/VI/ASDP-LWK/2023 | R38: 45082 | S38: CV. Rizky Mandiri Perkasa | T38: 85.531.485.2-832.000 | U38: JL. AWU, LUWUK,BANGGAI | V38: 47400000 | W38: =V38+(V38*11%) -> 52614000 | X38: 5000044473 | Y38: DONE | Z38: DONE | AA38: TANJUNG API | AB38: DOCKING
V39: =SUM(V10:V38) -> 1456473162 | W39: =SUM(W10:W38) -> 1.6166852e+09
V40: Efisiensi | W40: 0.07669
U42: Luwuk, 31 Mei 2023
U43: Mengetahui
U44: Manager SDM, Keuangan, dan SCM
U49: Muchlis Burhanuddin

Sheet JUNI
Y1: Pek Dapat Dilanjut
Y2: Investasi
K3: PT. ASDP INDONESIA FERRY (PERSERO) CABANG: LUWUK REGIONAL : IV | Y3: SPM melebihi 50jt
Y4: Sedang Proses
K5: DAFTAR SPPBJ S/D KONTRAK PERIODE : JUNI 2023
B7: NO | C7: NOMOR PR | D7: NOMOR RFQ | E7: NOMOR SPPBJ | F7: TANGGAL SPPBJ/PR | G7: NILAI (RP) SPPBJ/PR (BLM PPN) | H7: ACC ASSIGMENT | I7: NAMA PEKERJAAN | J7: USER (PEMAKAI) | K7: KELOMPOK BARANG/JASA (SESUAI SAP) | L7: MATERIAL GROUP (SESUAI SAP) | M7: TGL SPPBJ/PR DITERIMA UNIT PBJ | N7: METODE PBJ | O7: PIC PBJ | P7: NOMOR PO | Q7: NOMOR PERJANJIAN | R7: TANGGAL PERJANJIAN | S7: DATA MITRA KERJA | V7: NILAI PERJANJIAN (SEBELUM PPN) RP | W7: SELISIH NILAI PERJANJIAN DENGAN NILAI SPPBJ (SEBELUM PPN) | X7: NOMOR GR/SES | Y7: TELAH DIAJUKAN PEMBAYARAN | Z7: ARSIP | AA7: NAMA KAPAL | AB7: JENIS PENGADAAN
S8: NAMA PERUSAHAAN | T8: NPWP | U8: ALAMAT | W8: (6-21) | Z8: Pengadaan 2023
B9: 1 | C9: 2 | D9: 3 | E9: 4 | F9: 5 | G9: 6 | H9: 7 | I9: 8 | J9: 9 | K9: 10 | L9: 11 | M9: 12 | N9: 13 | O9: 14 | P9: 15 | Q9: 16 | R9: 17 | S9: 18 | T9: 19 | U9: 20 | V9: 21 | W9: 22 | X9: 23 | Y9: 24 | Z9: 25 | AA9: 26 | AB9: 27
B10: 1 | C10: 2000025137 | D10: 3000024998 | E10: 215/SPPBJ-UM/ASDP-LWK/2023 | F10: 45077 | G10: 524742500 | H10: K | I10: Pekerjaan Docking Repair KMP. Tanjung Api Tahun 2023 | J10: ALIF/TEKNIK | K10: JASA | L10: Perbaikan Kapal Ro-Ro | M10: 45078 | N10: Penunjukan Langsung | O10: Aditia | P10: 5200013833 | Q10: 05/HK.201/V/ASDP-LWK/2023 | R10: 45083 | S10: PT. Industri Kapal Indonesia (Persero) Unit Galangan Bitung | T10: 01.000.477.8-051.000 | U10: Jl. Samuel Languju No. 24, Winenet Dua, Aertembaga, Bitung | V10: 459028500 | W10: =V10+(V10*11%) -> 509521635 | X10: 5000044352 | Y10: DONE | AA10: TANJUNG API | AB10: DOCKING
B11: 2 | C11: 2000025368 | D11: 3000025209 | E11: 216/SPPBJ-UM/ASDP-LWK/2023 | F11: 45082 | G11: 2500000 | H11: K | I11: Pengadaan Box Lampu TL LED KMP Dolosi Tahun 2023 | J11: ALIF/TEKNIK | K11: BARANG | L11: Perlengkapan Kapal | M11: 45083 | N11: Pengadaan Langsung | O11: Aditia | P11: 5300009463 | Q11: 160/PPBJ/UM.201/VI/ASDP-LWK/2023 | R11: 45083 | S11: Koperasi Jasa Karyawan Tanjung Sejahtera | T11: 02.119.857.7-832.000 | U11: Jl. Tan Malaka No. 15, Keraton, Luwuk, Banggai | V11: 2500000 | W11: =V11+(V11*11%) -> 2775000 | X11: 5000044522 | Y11: DONE | Z11: DONE | AA11: DOLOSI | AB11: BIASA
B12: 3 | C12: 2000025307 | D12: 3000025208 | E12: 224/SPPBJ-UM/ASDP-LWK/2023 | F12: 45082 | G12: 3600000 | H12: K | I12: Pengadaan Perbaikan Peralatan KMP Dolosi Tahun 2023 | J12: ALIF/TEKNIK | K12: BARANG | L12: Suku Cadang | M12: 45083 | N12: Pengadaan Langsung | O12: Aditia | P12: 5300009462 | Q12: 164/PPBJ/UM.201/VI/ASDP-LWK/2023 | R12: 45083 | S12: Koperasi Jasa Karyawan Tanjung Sejahtera | T12: 02.119.857.7-832.000 | U12: Jl. Tan Malaka No. 15, Keraton, Luwuk, Banggai | V12: 3600000 | W12: =V12+(V12*11%) -> 3996000 | X12: 5000044521 | Y12: DONE | Z12: DONE | AA12: DOLOSI | AB12: BIASA
B13: 4 | C13: 2000026455 | D13: 3000026240 | E13: 208/SPPBJ-UM/ASDP-LWK/2023 | F13: 45082 | G13: 9000000 | H13: K | I13: Pengadaan Spare Part Mesin Induk KMP Dolosi Tahun 2023 | J13: ALIF/TEKNIK | K13: BARANG | L13: Suku Cadang | M13: 45083 | N13: Pengadaan Langsung | O13: Aditia | P13: 53000010126 | Q13: 159/PPBJ/UM.201/VI/ASDP-LWK/2023 | R13: 45083 | S13: PT. Baracuda Bintang Sentosa | T13: 02.119.857.7-832.000 | U13: Jl. Taman Sari No. 77G, Taman Sari, Jakarta Barat | V13: 6600000 | W13: =V13+(V13*11%) -> 7326000 | X13: 5000045789 | Y13: DONE | Z13: DONE | AA13: DOLOSI | AB13: BIASA
B14: 5 | C14: 2000025220 | D14: 3000025098 | E14: 217/SPPB-TNK/ASDP-LWK/2023 | F14: 45082 | G14: 12000000 | H14: K | I14: Pengadaan Chockfast KMP Tuna Tomini Dalam Rangka Docking Tahun 2023 | J14: ALIF/TEKNIK | K14: BARANG | L14: Perlengkapan Kapal | M14: 45083 | N14: Pengadaan Langsung | O14: Aditia | P14: 5300009397 | Q14: 161/PPBJ/UM.201/VI/ASDP-LWK/2023 | R14: 45083 | S14: CV. Rizky Mandiri Perkasa | T14: 85.531.485.2-832.000 | U14: JL. AWU, LUWUK,BANGGAI | V14: 11000000 | W14: =V14+(V14*11%) -> 12210000 | X14: 5000044403 | Y14: DONE | Z14: DONE | AA14: TUNA TOMINI | AB14: DOCKING
B15: 6 | C15: 2000025372 | D15: 3000025213 | E15: 218/SPPB-TNK/ASDP-LWK/2023 | F15: 45082 | G15: 15650000 | H15: K | I15: Pengadaan Peralatan Kapal KMP Tuna Tomini dalam Rangka Docking Tahun 2023 | J15: ALIF/TEKNIK | K15: BARANG | L15: Perlengkapan Kapal | M15: 45083 | N15: Pengadaan Langsung | O15: Aditia | P15: 5300009467 | Q15: 162/PPBJ/UM.201/VI/ASDP-LWK/2023 | R15: 45083 | S15: CV. Rizky Mandiri Perkasa | T15: 85.531.485.2-832.000 | U15: JL. AWU, LUWUK,BANGGAI | V15: 13660000 | W15: =V15+(V15*11%) -> 15162600 | X15: 5000044524 | Y15: DONE | Z15: DONE | AA15: TUNA TOMINI | AB15: DOCKING
B16: 7 | C16: 2000025215 | D16: 3000025159 | E16: 231/SPPBJ-UM/ASDP-LWK/2023 | F16: 45084 | G16: 6800000 | H16: K | I16: Pengadaan Aluminium Anode KMP Tanjung Api Dalam Rangka Docking Tahun 2023 | J16: ALIF/TEKNIK | K16: BARANG | L16: Suku Cadang | M16: 45085 | N16: Pengadaan Langsung | O16: Aditia | P16: 5300009430 | Q16: 171/PPBJ/UM.201/VI/ASDP-LWK/2023 | R16: 45085 | S16: PT. Makmur Marina Metalindo | V16: 6240000 | W16: =V16+(V16*11%) -> 6926400 | X16: 5000046265 | Y16: DONE | Z16: DONE | AA16: TANJUNG API | AB16: DOCKING
B17: 8 | C17: 2000026432 | D17: 3000026198 | E17: 225/SPPB-TF/ASDP-LWK/2023 | F17: 45082 | G17: 63655000 | H17: K | I17: Pengadaan Cat AGA KMP Tanjung Api Dalam Rangka Docking Tahun 2023 | J17: ALIF/TEKNIK | K17: BARANG | L17: Perawatan Kapal Ro ro | M17: 45083 | N17: Pengadaan Langsung | O17: Aditia | P17: 53000010095 | Q17: 165/PPBJ/UM.201/VI/ASDP-LWK/2023 | R17: 45083 | S17: CV. OMI Indah Permai | T17: 92.779.186.3-804.000 | U17: Jl. Tanjung Bunga No. 38B | V17: 63655000 | W17: =V17+(V17*11%) -> 70657050 | X17: 5000045757 | Y17: DONE | Z17: DONE | AA17: TANJUNG API | AB17: DOCKING
B18: 9 | C18: 2000026434 | D18: 3000026209 | E18: 226/SPPB-TF/ASDP-LWK/2023 | F18: 45082 | G18: 56050000 | H18: K | I18: Pengadaan Cat BGA KMP Tanjung Api Dalam Rangka Docking Tahun 2023 | J18: ALIF/TEKNIK | K18: BARANG | L18: Perawatan Kapal Ro ro | M18: 45083 | N18: Pengadaan Langsung | O18: Aditia | P18: 53000010099 | Q18: 166/PPBJ/UM.201/VI/ASDP-LWK/2023 | R18: 45083 | S18: CV. OMI Indah Permai | T18: 92.779.186.3-804.000 | U18: Jl. Tanjung Bunga No. 38B | V18: 56050000 | W18: =V18+(V18*11%) -> 62215500 | X18: 5000045763 | Y18: DONE | Z18: DONE | AA18: TANJUNG API | AB18: DOCKING
B19: 10 | C19: 2000026435 | D19: 3000026212 | E19: 227/SPPB-TF/ASDP-LWK/2023 | F19: 45082 | G19: 11040000 | H19: K | I19: Pengadaan Cat Kamar Mesin KMP Tanjung Api Dalam Rangka Docking Tahun 2023 | J19: ALIF/TEKNIK | K19: BARANG | L19: Perawatan Kapal Ro ro | M19: 45083 | N19: Pengadaan Langsung | O19: Aditia | P19: 53000010101 | Q19: 167/PPBJ/UM.201/VI/ASDP-LWK/2023 | R19: 45083 | S19: CV. OMI Indah Permai | T19: 92.779.186.3-804.000 | U19: Jl. Tanjung Bunga No. 38B | V19: 11040000 | W19: =V19+(V19*11%) -> 12254400 | X19: 5000045775 | Y19: DONE | Z19: DONE | AA19: TANJUNG API | AB19: DOCKING
B20: 12 | C20: 2000025304 | D20: 3000025166 | E20: 228/SPPBJ-UM/ASDP-LWK/2023 | F20: 45082 | G20: 13912500 | H20: K | I20: Pengadaan Alat Kerja Deck Tanjung Api Dalam Rangka Docking Tahun 2023 | J20: ALIF/TEKNIK | K20: BARANG | L20: Perlengkapan Kapal | M20: 45083 | N20: Pengadaan Langsung | O20: Aditia | P20: 5300009436 | Q20: 168/PPBJ/UM.201/VI/ASDP-LWK/2023 | R20: 45083 | S20: Koperasi Jasa Karyawan Tanjung Sejahtera | T20: 02.119.857.7-832.000 | U20: Jl. Tan Malaka No. 15, Keraton, Luwuk, Banggai | V20: 13912500 | W20: =V20+(V20*11%) -> 15442875 | X20: 5000044474 | Y20: DONE | Z20: DONE | AA20: TANJUNG API | AB20: DOCKING
B21: 13 | C21: 2000025305 | D21: 3000025167 | E21: 229/SPPBJ-UM/ASDP-LWK/2023 | F21: 45082 | G21: 18790500 | H21: K | I21: Pengadaan Alat Kerja Mesin KMP Tanjung Api Dalam Rangka Docking Tahun 2023 | J21: ALIF/TEKNIK | K21: BARANG | L21: Perlengkapan Kapal | M21: 45083 | N21: Pengadaan Langsung | O21: Aditia | P21: 5300009437 | Q21: 169/PPBJ/UM.201/VI/ASDP-LWK/2023 | R21: 45083 | S21: Koperasi Jasa Karyawan Tanjung Sejahtera | T21: 02.119.857.7-832.000 | U21: Jl. Tan Malaka No. 15, Keraton, Luwuk, Banggai | V21: 18790500 | W21: =V21+(V21*11%) -> 20857455 | X21: 5000044475 | Y21: DONE | Z21: DONE | AA21: TANJUNG API | AB21: DOCKING
B22: 14 | C22: 2000025306 | D22: 3000025168 | E22: 234/SPPB-TNK/ASDP-LWK/2023 | F22: 45085 | G22: 62000000 | H22: K | I22: Pengadaan Kayu Pochout Dan Chocfast KMP Tanjung Api Dalam Rangka Docking Tahun 2023 | J22: ALIF/TEKNIK | K22: BARANG | L22: Perlengkapan Kapal | M22: 45086 | N22: Pengadaan Langsung | O22: Aditia | P22: 5300009438 | Q22: 172/PPBJ/UM/201/VI/ASDP-LWK/2023 | R22: 45083 | S22: CV. Rizky Mandiri Perkasa | T22: 85.531.485.2-832.000 | U22: JL. AWU, LUWUK,BANGGAI | V22: 56000000 | W22: =V22+(V22*11%) -> 62160000 | X22: 5000044476 | Y22: DONE | Z22: DONE | AA22: TANJUNG API | AB22: DOCKING
B23: 15 | C23: 2000026334 | D23: 3000026123 | E23: 230/SPPBJ-UM/ASDP-LWK/2023 | F23: 45083 | G23: 72593000 | H23: K | I23: Pekerjaan Service IRL dan PMK KMP Tanjung Api Dalam Rangka Docking Tahun 2023 | J23: ALIF/TEKNIK | K23: JASA | L23: Perlengkapan Kapal | M23: 45084 | N23: Pengadaan Langsung | O23: Aditia | P23: 5300010045 | Q23: 170/PPBJ/UM/201/VI/ASDP-LWK/2023 | R23: 45084 | S23: PT. Pascadana Puratama | V23: 57775000 | W23: =V23+(V23*11%) -> 64130250 | X23: 5000045658 | Y23: DONE | Z23: DONE | AA23: TANJUNG API | AB23: DOCKING
B24: 17 | C24: 2000025369 | D24: 3000025210 | E24: 236/SPPBJ-UM/ASDP-LWK/2023 | F24: 45085 | G24: 20000000 | H24: K | I24: Pengurusan surat-surat kapal KMP Tuna Tomini dalam Rangka Docking Tahun 2023 | J24: ALIF/TEKNIK | K24: BARANG | L24: Perlengkapan Kapal | M24: 45086 | N24: Pengadaan Langsung | O24: Aditia | P24: 5300009464 | Q24: 173/PPBJ/UM.201/VI/ASDP-LWK/2023 | R24: 45086 | S24: Koperasi Jasa Karyawan Tanjung Sejahtera | T24: 02.119.857.7-832.000 | U24: Jl. Tan Malaka No. 15, Keraton, Luwuk, Banggai | V24: 20000000 | W24: =V24+(V24*11%) -> 22200000 | X24: 5000044868 | Y24: DONE | Z24: DONE | AA24: TUNA TOMINI | AB24: DOCKING
B25: 18 | C25: 2000025370 | D25: 3000025211 | E25: 235/SPPBJ-UM/ASDP-LWK/2023 | F25: 45085 | G25: 20000000 | H25: K | I25: Pengurusan surat-surat kapal KMP Tanjung Api Dalam Rangka Docking Tahun 2023 | J25: ALIF/TEKNIK | K25: BARANG | L25: Perlengkapan Kapal | M25: 45086 | N25: Pengadaan Langsung | O25: Aditia | P25: 5300009465 | Q25: 174/PPBJ/UM.201/VI/ASDP-LWK/2023 | R25: 45086 | S25: Koperasi Jasa Karyawan Tanjung Sejahtera | T25: 02.119.857.7-832.000 | U25: Jl. Tan Malaka No. 15, Keraton, Luwuk, Banggai | V25: 20000000 | W25: =V25+(V25*11%) -> 22200000 | X25: 5000044869 | Y25: DONE | Z25: DONE | AA25: TANJUNG API | AB25: DOCKING
B26: 19 | C26: 2000025371 | D26: 3000025212 | E26: 237/SPPB-TNK/ASDP-LWK/2023 | F26: 45085 | G26: 25200000 | H26: K | I26: Perbaikan Peralatan Mesin KMP Tanjung Api Dalam Rangka Docking Tahun 2023 | J26: ALIF/TEKNIK | K26: BARANG | L26: Perlengkapan Kapal | M26: 45086 | N26: Pengadaan Langsung | O26: Aditia | P26: 5300009466 | Q26: 175/PPBJ/UM.201/ASDP-LWK/2023 | R26: 45086 | S26: CV. Rizky Mandiri Perkasa | T26: 85.531.485.2-832.000 | U26: JL. AWU, LUWUK,BANGGAI | V26: 20300000 | W26: =V26+(V26*11%) -> 22533000 | X26: 5000044523 | Y26: DONE | Z26: DONE | AA26: TANJUNG API | AB26: DOCKING
B27: 20 | C27: 2000026325 | D27: 3000026127 | E27: 238/SPPB-TNK/ASDP-LWK/2023 | F27: 45089 | G27: 31305000 | H27: K | I27: Pengadaan Sparepart Mesin Induk dan Mesin Bantu KMP Tanjung Api Dalam Rangka Docking Tahun 2023 | J27: AliF/TEKNIK | K27: BARANG | L27: Suku Cadang | M27: 45089 | N27: Pengadaan Langsung | O27: Aditia | P27: 5300010043 | Q27: 177/PPBJ/UM.201/ASDP-LWK/2023 | R27: 45090 | S27: PT. Baracuda Bintang Sentosa | T27: 02.119.857.7-832.000 | U27: Jl. Taman Sari No. 77G, Taman Sari, Jakarta Barat | V27: 22295000 | W27: =V27+(V27*11%) -> 24747450 | X27: 5000045656 | Y27: DONE | Z27: DONE | AA27: TANJUNG API | AB27: DOCKING
B28: 21 | C28: 2000026321 | D28: 3000026122 | E28: 239/SPPB-TNK/ASDP-LWK/2023 | F28: 45092 | G28: 16900000 | H28: K | I28: Pengadaan Sparepart Mesin Bantu KMP Tuna Tomini Dalam Rangka Docking Tahun 2023 | J28: IRWAN/TEKNIK | K28: BARANG | L28: Suku Cadang | M28: 45092 | N28: Pengadaan Langsung | O28: Aditia | P28: 5300010040 | Q28: 178/PPBJ/UM.201/ASDP-LWK/2023 | R28: 45093 | S28: PT. Baracuda Bintang Sentosa | T28: 02.119.857.7-832.000 | U28: Jl. Taman Sari No. 77G, Taman Sari, Jakarta Barat | V28: 12000000 | W28: =V28+(V28*11%) -> 13320000 | X28: 5000045652 | Y28: DONE | Z28: DONE | AA28: TUNA TOMINI | AB28: DOCKING
B29: 22 | C29: 2000025746 | D29: 3000025612 | E29: 240/SPPB-TNK/ASDP-LWK/2023 | F29: 45097 | G29: 7600000 | H29: K | I29: Penagdaan Rutin Deck KMP. Cengkih Afo | J29: ALIF/TEKNIK | K29: BARANG | L29: Perlengkapan Kapal | M29: 45098 | N29: Pengadaan Langsung | O29: Aditia | P29: 5300009704 | Q29: 179/PPBJ/UM.201/ASDP-LWK/2023 | R29: 45098 | S29: PT. Mitra Samudera Teknikal | V29: 6300000 | W29: =V29+(V29*11%) -> 6993000 | X29: 5000045604 | Y29: DONE | Z29: DONE | AA29: CENGKIH AFO | AB29: BIASA
B30: 23 | C30: 2000026328 | D30: 3000026125 | E30: 241/SPPB-TNK/ASDP-LWK/2023 | F30: 45097 | G30: 17500000 | H30: K | I30: Pengadaan Sparepart Mesin Bantu KMP Tanjung Api Dalam Rangka Docking Tahun 2023 | J30: ALIF/TEKNIK | K30: BARANG | L30: Suku Cadang | M30: 45097 | N30: Pengadaan Langsung | O30: Aditia | P30: 5300010041 | Q30: 180/PPBJ/UM.201/ASDP-LWK/2023 | R30: 45098 | S30: PT. Baracuda Bintang Sentosa | T30: 02.119.857.7-832.000 | U30: Jl. Taman Sari No. 77G, Taman Sari, Jakarta Barat | V30: 12500000 | W30: =V30+(V30*11%) -> 13875000 | X30: 5000045654 | Y30: DONE | Z30: DONE | AA30: TANJUNG API | AB30: DOCKING
B31: 25 | C31: 2000026246 | D31: 3000026023 | E31: 267/SPPBJ-TF/ASDP-LWK/2023 | F31: 45104 | G31: 577120000 | H31: K | I31: Pekerjaan Docking Repair KMP. Moinit Tahun 2023 | J31: ALIF/TEKNIK | K31: JASA | L31: Perbaikan Kapal Ro-Ro | M31: 45104 | N31: Penunjukan Langsung | O31: Aditia | P31: 5200014178 | Q31: 06/HK.201/VII/ASDP-LWK/2023 | R31: 45107 | S31: PT. Industri Kapal Indonesia (Persero) Unit Galangan Bitung | T31: 01.000.477.8-051.000 | U31: Jl. Samuel Languju No. 24, Winenet Dua, Aertembaga, Bitung | V31: 510205000 | W31: =V31+(V31*11%) -> 566327550 | X31: 5000045848 | Y31: DONE | AA31: MOINIT | AB31: DOCKING
B32: 26 | C32: 2000026049 | D32: 3000025893 | E32: 240/SPPBJ-TF/ASDP-LWK/2023 | F32: 45133 | G32: 167600000 | H32: K | I32: Pembelian BBM Industri KMP. Moinit Dalam Rangka Docking Tahun 2023 | J32: ADE BUAY/USAHA | K32: BARANG | L32: Mobilisasi Docking | M32: 45133 | N32: Pengadaan Langsung | O32: Ade Buay K | P32: 5300009888 | Q32: 185/UM.201/ASDP-LWK/2023 | R32: 45104 | S32: PT. Berqah Azqilah Sentosa | V32: 167600000 | W32: =V32+(V32*11%) -> 186036000 | X32: 5000045358 | Y32: Done | Z32: DONE | AA32: MOINIT | AB32: DOCKING
V33: =SUM(V10:V32) -> 1571051500 | W33: =SUM(W10:W32) -> 1743867165
V34: Efisiensi | W34: 0.12441
U36: Luwuk, 30 Juni 2023
U37: Mengetahui
U38: Manager SDM, Keuangan, dan SCM
U43: Muchlis Burhanuddin

Sheet JULI
Y1: Pek Dapat Dilanjut
Y2: Investasi
K3: PT. ASDP INDONESIA FERRY (PERSERO) CABANG: LUWUK REGIONAL : IV | Y3: SPM melebihi 50jt
Y4: Sedang Proses
K5: DAFTAR SPPBJ S/D KONTRAK PERIODE : JULI 2023
B7: NO | C7: NOMOR PR | D7: NOMOR RFQ | E7: NOMOR SPPBJ | F7: TANGGAL SPPBJ/PR | G7: NILAI (RP) SPPBJ/PR (BLM PPN) | H7: ACC ASSIGMENT | I7: NAMA PEKERJAAN | J7: USER (PEMAKAI) | K7: KELOMPOK BARANG/JASA (SESUAI SAP) | L7: MATERIAL GROUP (SESUAI SAP) | M7: TGL SPPBJ/PR DITERIMA UNIT PBJ | N7: METODE PBJ | O7: PIC PBJ | P7: NOMOR PO | Q7: NOMOR PERJANJIAN | R7: TANGGAL PERJANJIAN | S7: DATA MITRA KERJA | V7: NILAI PERJANJIAN (SEBELUM PPN) RP | W7: SELISIH NILAI PERJANJIAN DENGAN NILAI SPPBJ (SEBELUM PPN) | X7: NOMOR GR/SES | Y7: TELAH DIAJUKAN PEMBAYARAN | Z7: ARSIP | AA7: NAMA KAPAL | AB7: JENIS PENGADAAN
S8: NAMA PERUSAHAAN | T8: NPWP | U8: ALAMAT | W8: (6-21) | Z8: Pengadaan 2023
B9: 1 | C9: 2 | D9: 3 | E9: 4 | F9: 5 | G9: 6 | H9: 7 | I9: 8 | J9: 9 | K9: 10 | L9: 11 | M9: 12 | N9: 13 | O9: 14 | P9: 15 | Q9: 16 | R9: 17 | S9: 18 | T9: 19 | U9: 20 | V9: 21 | W9: 22 | X9: 23 | Y9: 24 | Z9: 24 | AA9: 24 | AB9: 24 | AD9: SEMUA KAPAL | AE9: =W25+W26+W49 -> 74958855 | AF9: =AE9/6 -> 12493142
